"command_id","next_step_command_id"
"nmap-ping-sweep","nmap-quick-scan"
"nmap-ping-sweep","nmap-service-scan"
"nmap-quick-scan","nmap-service-scan"
"nmap-quick-scan","nmap-udp-scan"
"nmap-service-scan","gobuster-dir"
"nmap-service-scan","enum4linux-smb"
"nmap-service-scan","smbmap-shares"
"nmap-service-scan","hydra-ssh"
"smb-enum","smb-smbclient-connect"
"smb-enum","smb-smbmap-recursive"
"smb-enum","smb-mount-share"
"smb-enum","hydra-smb-attack"
"smb-null-session-shares","smb-enum4linux-full"
"smb-null-session-shares","smb-smbclient-connect"
"smb-null-session-shares","smb-crackmapexec-shares"
"smb-enum4linux-full","smb-smbclient-connect"
"smb-enum4linux-full","smb-smbmap-recursive"
"smb-enum4linux-full","smb-mount-share"
"smb-crackmapexec-shares","smb-smbclient-connect"
"smb-crackmapexec-shares","smb-smbmap-recursive"
"smb-crackmapexec-shares","smb-mount-share"
"curl-header-enum","whatweb-technology-detection"
"vhost-fuzzing-gobuster","gobuster-dir"
"vhost-fuzzing-gobuster","whatweb-technology-detection"
"vhost-fuzzing-gobuster","nikto-scan"
"ps-wmi-invoke-method","mimikatz-sekurlsa-logonpasswords"
"ps-wmi-invoke-method","ps-reverse-shell-base64"
"ps-winrm-credential-setup","ps-winrm-invoke-command"
"ps-winrm-credential-setup","winrm-enter-pssession"
"ps-winrm-credential-setup","winrm-new-pssession"
"ps-wmi-cimsession-setup","ps-wmi-invoke-method"
"ps-winrm-invoke-command","mimikatz-sekurlsa-logonpasswords"
"ps-winrm-invoke-command","ps-reverse-shell-base64"
"apache2-start","ss-listening-ports"
"apache2-start","ip-addr"
"ip-addr","ssh-remote-port-forward"
"ip-addr","apache2-start"
"ip-addr","ip-route"
"smbclient-list-shares","smbclient-connect"
"smbclient-list-shares","enum4linux-smb"
"smbclient-list-shares","smbmap-shares"
"systeminfo-windows","win-privesc-winpeas"
"systeminfo-windows","win-kernel-exploits"
"whoami-priv","windows-potato-attacks"
"whoami-priv","win-potato-exploits"
"ipconfig-all","netstat-windows"
"ipconfig-all","ssh-dynamic-port-forward"
"ipconfig-all","chisel-client"
"netstat-windows","ssh-dynamic-port-forward"
"netstat-windows","chisel-client"
"netstat-windows","proxychains-nmap"
"ssh-local-port-forward","nmap-service-scan"
"ssh-local-port-forward","psql-connect"
"ssh-local-port-forward","smbclient-list-shares"
"ssh-dynamic-port-forward","proxychains-nmap"
"ssh-dynamic-port-forward","proxychains-config"
"ssh-remote-port-forward","nc-reverse-shell"
"ssh-remote-port-forward","curl-post"
"ssh-remote-dynamic-port-forward","proxychains-nmap"
"ssh-remote-dynamic-port-forward","proxychains-config"
"plink-remote-forward","nmap-service-scan"
"plink-remote-forward","nc-listener-setup"
"xfreerdp-connect","mimikatz-sekurlsa-logonpasswords"
"xfreerdp-connect","systeminfo-windows"
"xfreerdp-connect","whoami-priv"
"sshuttle-vpn","nmap-service-scan"
"sshuttle-vpn","bloodhound-ingest"
"ssh-connect-password","pty-spawn-script"
"ssh-connect-password","linux-enumerate-users"
"ssh-connect-password","check-sudo-privs"
"ssh-key-authentication","linux-enumerate-users"
"ssh-key-authentication","check-sudo-privs"
"ssh-key-authentication","extract-ssh-key"
"extract-ssh-key","ssh-key-format"
"extract-ssh-key","ssh-key-authentication"
"ssh-key-format","ssh-key-authentication"
"proxychains-config","proxychains-nmap"
"proxychains-nmap","nmap-service-scan"
"proxychains-nmap","enum4linux-smb"
"proxychains-nmap","crackmapexec-smb-framework"
"masscan-fast-scan","nmap-service-scan"
"chisel-server","chisel-client"
"chisel-server","chisel-socks"
"chisel-client","proxychains-nmap"
"chisel-client","nmap-service-scan"
"chisel-socks","proxychains-config"
"chisel-socks","proxychains-nmap"
"ssh-local-forward","proxychains-nmap"
"ssh-local-forward","nmap-service-scan"
"ssh-remote-forward","nmap-service-scan"
"ssh-remote-forward","nc-listener-setup"
"ssh-dynamic-forward","proxychains-config"
"ssh-dynamic-forward","proxychains-nmap"
"ligolo-server","ligolo-agent"
"ligolo-agent","nmap-service-scan"
"ligolo-agent","bloodhound-ingest"
"secretsdump-hashes","hashcat-crack"
"secretsdump-hashes","crackmapexec-smb-spray"
"secretsdump-hashes","ad-golden-ticket-mimikatz-create"
"cat-read-file","capture-root-flag"
"hosts-file-add-entry","ping-host"
"hosts-file-add-entry","nmap-service-scan"
"capture-user-flag","check-sudo-privs"
"capture-user-flag","linux-enumerate-users"
"sudo-execute-usage-management","7zip-listfile-research"
"windows-read-file-type","evil-winrm-download-file"
"windows-read-file-type","capture-root-flag"
"powershell-get-content","evil-winrm-download-file"
"powershell-get-content","capture-root-flag"
"sort-lines","uniq-lines"
"strings-file","hashid"
"strings-file","hash-identifier"
"apt-update","apt-upgrade"
"apt-update","apt-install"
"ping-host","nmap-quick-scan"
"ping-host","nmap-service-scan"
"nc-listener","python-shell-upgrade"
"nc-listener","linpeas-run"
"nc-listener","winpeas-run"
"ssh-connect","linpeas-run"
"ssh-connect","linenum-run"
"ssh-connect","scp-file"
"nmap-udp-scan","nmap-service-scan"
"nmap-udp-scan","snmp-enum"
"find-files","strings-file"
"grep-file","cat-file"
"grep-file","grep-r-etc"
"verify-ntlm-hash","evil-winrm-hash"
"verify-neo4j-running","bloodhound-ingest"
"verify-web-server-up","nikto-web-scan"
"verify-powerview-imported","get-netdomain"
"verify-powerview-imported","get-netuser"
"verify-powerview-imported","get-netgroup"
"verify-evil-winrm-installed","evil-winrm-hash"
"verify-nmap-installed","nmap-vuln-scan"
"verify-rubeus-available","rubeus-asreproast"
"verify-rubeus-available","rubeus-kerberoast"
"verify-socat-installed","socat-port-forward"
"verify-rdp-service-running","xfreerdp-connect"
"verify-python-available","python-http-server"
"verify-python-available","python-reverse-shell"
"verify-socks-proxy-running","proxychains-nmap"
"verify-powershell-access","import-powerview"
"verify-powershell-access","invoke-mimikatz-remote"
"verify-sql-injection-vulnerable","sqli-union-mysql-info"
"verify-smb-null-session","smbmap-enumerate-auth"
"ft-certutil-download","ft-base64-encode"
"ft-certutil-download","ft-smb-download"
"ft-powershell-iwr","ft-powershell-upload"
"ft-powershell-upload","ft-file-verify-md5"
"ft-nc-receive","ft-nc-send"
"ft-nc-receive","ft-file-verify-md5"
"ft-nc-send","ft-file-verify-md5"
"ft-powershell-tcp-send","ft-file-verify-md5"
"ft-powershell-execute-memory","nc-listener-setup"
"ft-powershell-execute-memory","mimikatz-sekurlsa-logonpasswords"
"ft-base64-encode","ft-base64-encode"
"ft-scp-upload","ft-scp-download"
"ft-wget-download","chmod-executable"
"ft-curl-download","ft-curl-upload"
"ft-bash-dev-tcp","bash-reverse-shell"
"ft-python-http-server","ft-wget-download"
"ft-python-http-server","ft-certutil-download"
"ft-python-http-server","ft-powershell-iwr"
"ft-smb-server","ft-smb-download"
"ft-smb-server","ft-smb-upload"
"ft-uploadserver","ft-powershell-upload"
"ft-uploadserver","ft-curl-upload"
"netstat-listening-tcp","lsof-port-specific"
"netstat-listening-tcp","ps-aux-full"
"netstat-listening-tcp","systemctl-running-services"
"ss-listening-all","lsof-port-specific"
"ss-listening-all","ps-aux-full"
"ss-listening-all","systemctl-running-services"
"ss-listening-all","ss-established-connections"
"systemctl-running-services","systemctl-service-permissions"
"systemctl-running-services","systemctl-enabled-services"
"systemctl-running-services","journalctl-service-follow"
"systemctl-running-services","linpeas-run"
"systemctl-service-permissions","suid-find"
"systemctl-service-permissions","linpeas-run"
"systemctl-service-permissions","cron-directories-list"
"crontab-user-list","crontab-user-specific"
"crontab-user-list","crontab-system-wide"
"crontab-user-list","cron-directories-list"
"crontab-user-list","pspy-monitor"
"crontab-user-list","suid-find"
"crontab-user-specific","cron-directories-list"
"crontab-user-specific","crontab-system-wide"
"crontab-user-specific","pspy-monitor"
"crontab-user-specific","cron-enum"
"cron-directories-list","pspy-monitor"
"cron-directories-list","suid-find"
"cron-directories-list","linpeas-run"
"cron-directories-list","cron-enum"
"tail-follow-filter","grep-auth-failed"
"tail-follow-filter","grep-sudo-commands"
"tail-follow-filter","lastb-failed-logins"
"tail-follow-filter","journalctl-service-follow"
"journalctl-service-follow","journalctl-priority-filter"
"journalctl-service-follow","grep-auth-failed"
"journalctl-service-follow","grep-sudo-commands"
"journalctl-service-follow","systemctl-running-services"
"grep-sudo-commands","sudo-exploit-find"
"grep-sudo-commands","test-sudo-without"
"systemctl-list","systemctl-running-services"
"systemctl-list","linux-writable-services"
"lsof-list","ssh-local-port-forward"
"ps-aux-full","ps-auxww-no-truncate"
"ps-aux-full","pgrep-pattern-search"
"ps-aux-full","netstat-listening-tcp"
"ps-aux-full","ss-listening-all"
"ps-aux-full","suid-find"
"ps-aux-full","linpeas-run"
"pgrep-pattern-search","lsof-list"
"pgrep-pattern-search","ps-pid-details"
"ps-user-filter","pspy-monitor"
"import-powerview","get-netdomain"
"import-powerview","get-netuser"
"import-powerview","get-netgroup"
"import-powerview","get-netcomputer"
"get-netdomain","get-netuser"
"get-netdomain","get-netgroup"
"get-netdomain","get-netcomputer"
"get-netuser","get-netgroup"
"get-netgroup","get-netuser"
"get-netgroup","find-localadminaccess"
"get-netcomputer","find-localadminaccess"
"get-netcomputer","invoke-sharefinder"
"kerbrute-userenum-ad","kerbrute-passwordspray"
"kerbrute-userenum-ad","impacket-getnpusers-asreproast"
"kerbrute-userenum-ad","spray-passwords-ldap"
"kerbrute-userenum-ad","crackmapexec-smb-spray"
"crackmapexec-rid-cycling","crackmapexec-smb-spray"
"crackmapexec-rid-cycling","kerbrute-passwordspray"
"ldapsearch-users-ad","kerbrute-passwordspray"
"ldapsearch-users-ad","spray-passwords-ldap"
"enum4linux-users-ad","kerbrute-passwordspray"
"enum4linux-users-ad","crackmapexec-smb-spray"
"spray-passwords-ldap","crackmapexec-validate-admin"
"spray-passwords-ldap","pth-evil-winrm"
"spray-passwords-ldap","ftp-connect"
"crackmapexec-smb-spray","crackmapexec-validate-admin"
"crackmapexec-smb-spray","pth-evil-winrm"
"kerbrute-passwordspray","kerbrute-validate-creds"
"kerbrute-passwordspray","crackmapexec-validate-admin"
"kerbrute-passwordspray","pth-evil-winrm"
"crackmapexec-winrm-spray","pth-evil-winrm"
"crackmapexec-winrm-spray","enter-pssession"
"petitpotam-coerce","ntlmrelayx-adcs"
"petitpotam-coerce","ntlmrelayx-ldap"
"coercer-coerce","ntlmrelayx-adcs"
"printerbug-trigger","ntlmrelayx-adcs"
"dfscoerce-trigger","ntlmrelayx-adcs"
"ntlmrelayx-adcs","certipy-auth"
"ad-dcsync-mimikatz-user","windows-hashcat-crack-ntlm"
"ad-dcsync-mimikatz-user","ad-pass-the-hash-crackmapexec"
"ad-dcsync-mimikatz-user","ad-golden-ticket-dcsync-krbtgt"
"ad-dcsync-mimikatz-krbtgt","ad-sid-whoami-extract"
"ad-dcsync-mimikatz-krbtgt","ad-golden-ticket-purge-tickets"
"ad-dcsync-mimikatz-krbtgt","ad-golden-ticket-mimikatz-create"
"ad-dcsync-mimikatz-administrator","windows-hashcat-crack-ntlm"
"ad-dcsync-mimikatz-administrator","ad-pass-the-hash-crackmapexec"
"ad-golden-ticket-dcsync-krbtgt","ad-sid-whoami-extract"
"ad-golden-ticket-dcsync-krbtgt","ad-golden-ticket-purge-tickets"
"ad-golden-ticket-dcsync-krbtgt","ad-golden-ticket-mimikatz-create"
"ad-golden-ticket-lsa-dump-krbtgt","ad-sid-whoami-extract"
"ad-golden-ticket-lsa-dump-krbtgt","ad-golden-ticket-purge-tickets"
"ad-golden-ticket-lsa-dump-krbtgt","ad-golden-ticket-mimikatz-create"
"ad-golden-ticket-purge-tickets","ad-golden-ticket-mimikatz-create"
"ad-golden-ticket-purge-tickets","ad-golden-ticket-verify-klist"
"ad-golden-ticket-mimikatz-create","ad-golden-ticket-verify-klist"
"ad-golden-ticket-mimikatz-create","ad-golden-ticket-psexec-use"
"ad-golden-ticket-mimikatz-create","windows-net-use-smb-connect"
"ad-golden-ticket-rubeus-create","ad-golden-ticket-verify-klist"
"ad-golden-ticket-rubeus-create","ad-golden-ticket-psexec-use"
"ad-golden-ticket-verify-klist","ad-golden-ticket-psexec-use"
"ad-golden-ticket-verify-klist","windows-net-use-smb-connect"
"ad-golden-ticket-psexec-use","ad-dcsync-mimikatz-user"
"impacket-getnpusers-asreproast","hashcat-crack-asrep"
"impacket-getnpusers-asreproast","crackmapexec-validate-admin"
"impacket-getnpusers-asreproast","kerbrute-validate-creds"
"impacket-getnpusers-identify","impacket-getnpusers-asreproast"
"impacket-getnpusers-identify","rubeus-asreproast"
"rubeus-asreproast","hashcat-crack-asrep"
"powerview-asreproast-identify","rubeus-asreproast"
"powerview-asreproast-identify","impacket-getnpusers-asreproast"
"targeted-asreproast-set","rubeus-asreproast"
"targeted-asreproast-set","impacket-getnpusers-asreproast"
"targeted-asreproast-set","targeted-asreproast-cleanup"
"test-wsman-connectivity","evil-winrm-shell"
"test-wsman-connectivity","enter-pssession"
"net-use-admin-share","dir-admin-share"
"net-use-admin-share","file-transfer-smb"
"net-use-admin-share","ad-sam-dump-reg-save"
"dir-admin-share","search-share-files"
"dir-admin-share","file-transfer-smb"
"ad-vssadmin-list-shadows","ad-copy-ntds-from-shadow"
"ad-vssadmin-list-shadows","ad-vssadmin-create-shadow"
"ad-check-vss-service","ad-vssadmin-list-shadows"
"ad-check-vss-service","ad-vssadmin-create-shadow"
"ad-vssadmin-create-shadow","ad-vssadmin-list-shadows"
"ad-vssadmin-create-shadow","ad-copy-ntds-from-shadow"
"ad-vshadow-create-shadow","ad-copy-ntds-from-shadow"
"ad-diskshadow-create-shadow","ad-copy-ntds-from-shadow"
"ad-wmic-create-shadow","ad-copy-ntds-from-shadow"
"ad-copy-ntds-from-shadow","ad-reg-save-system-hive"
"ad-copy-ntds-from-shadow","ad-secretsdump-parse-ntds"
"ad-reg-save-system-hive","ad-secretsdump-parse-ntds"
"ad-dcsync-mimikatz-single-user","ad-golden-ticket-mimikatz-create"
"ad-dcsync-mimikatz-single-user","hashcat-crack"
"ad-dcsync-impacket-secretsdump-user","hashcat-crack"
"ad-dcsync-impacket-secretsdump-user","crackmapexec-smb-spray"
"ad-dcsync-check-permissions","ad-dcsync-mimikatz-single-user"
"ad-dcsync-check-permissions","ad-dcsync-impacket-secretsdump-user"
"ad-dcsync-check-domain-admins","ad-dcsync-check-user-groups"
"ad-dcsync-check-domain-admins","ad-dcsync-mimikatz-user"
"ad-dcsync-check-domain-admins","ad-dcsync-secretsdump-user"
"ad-dcsync-check-user-groups","ad-dcsync-mimikatz-user"
"ad-dcsync-check-user-groups","ad-dcsync-secretsdump-user"
"ad-dcsync-check-replication-rights","ad-dcsync-mimikatz-user"
"ad-dcsync-check-replication-rights","ad-dcsync-secretsdump-user"
"mimikatz-sekurlsa-logonpasswords","evil-winrm-download-file"
"mimikatz-sekurlsa-logonpasswords","pth-cme-exec"
"mimikatz-sekurlsa-logonpasswords","hashcat-crack"
"mimikatz-privilege-debug","mimikatz-sekurlsa-logonpasswords"
"gmsadumper","evil-winrm-shell"
"gmsadumper","psexec-shell"
"bloodyad-gmsa","evil-winrm-shell"
"laps-password-cme","psexec-shell"
"laps-password-cme","evil-winrm-shell"
"laps-password-ldapsearch","psexec-shell"
"certipy-find","certipy-req-esc1"
"certipy-find","certipy-req-esc4"
"certipy-req-esc1","certipy-auth"
"certipy-auth","psexec-shell"
"certipy-auth","evil-winrm-shell"
"certipy-auth","wmiexec-shell"
"certipy-req-esc4","certipy-req-esc1"
"certipy-req-esc7","certipy-req-esc1"
"certipy-forge","certipy-auth"
"certipy-shadow","psexec-shell"
"certipy-shadow","evil-winrm-shell"
"certify-find","certify-request"
"certify-request","rubeus-asktgt-cert"
"rubeus-asktgt-cert","psexec-shell"
"mimikatz-overpass-the-hash","ad-golden-ticket-mimikatz-create"
"mimikatz-overpass-the-hash","ad-silver-ticket-mimikatz-create"
"mimikatz-token-elevate","mimikatz-lsadump-sam"
"mimikatz-token-elevate","mimikatz-lsadump-secrets"
"mimikatz-token-elevate","mimikatz-lsadump-cache"
"mimikatz-token-elevate-domainadmin","mimikatz-dcsync-all"
"mimikatz-dcsync-user","ad-golden-ticket-mimikatz-create"
"mimikatz-dcsync-user","ad-silver-ticket-mimikatz-create"
"mimikatz-dcsync-all","ad-golden-ticket-mimikatz-create"
"mimikatz-sekurlsa-ekeys","ad-golden-ticket-rubeus-create"
"mimikatz-sekurlsa-ekeys","ad-silver-ticket-rubeus-create"
"mimikatz-minidump-parse","mimikatz-overpass-the-hash"
"rbcd-set-msds","rbcd-getST"
"rbcd-get-st","psexec-shell"
"rubeus-s4u-impersonate","psexec-shell"
"impacket-get-st-constrained","psexec-shell"
"rubeus-monitor","rubeus-ptt"
"addcomputer-create","rbcd-set-msds"
"bloodyad-rbcd","rbcd-getST"
"rubeus-tgtdeleg","rubeus-ptt"
"mimikatz-lsadump-sam","hashcat-crack-ntlm"
"mimikatz-lsadump-sam","pth-cme-local-admin"
"mimikatz-lsadump-secrets","mimikatz-lsadump-sam"
"mimikatz-lsadump-secrets","windows-service-enumeration"
"mimikatz-lsadump-secrets","hashcat-crack-ntlm"
"mimikatz-lsadump-cache","hashcat-crack-mscache2"
"mimikatz-lsadump-cache","mimikatz-lsadump-sam"
"mimikatz-lsadump-cache","mimikatz-lsadump-secrets"
"crackmapexec-validate-admin","psexec-impacket-shell"
"crackmapexec-validate-admin","smbexec-impacket-fileless"
"crackmapexec-validate-admin","wmiexec-shell"
"crackmapexec-validate-admin","secretsdump-hashes"
"crackmapexec-validate-admin","crackmapexec-sam-dump"
"kerbrute-validate-creds","crackmapexec-validate-admin"
"kerbrute-validate-creds","pth-evil-winrm"
"kerbrute-validate-creds","ftp-connect"
"impacket-getuserspns-kerberoast","hashcat-crack-tgsrep"
"impacket-getuserspns-list","impacket-getuserspns-kerberoast"
"impacket-getuserspns-list","rubeus-kerberoast"
"rubeus-kerberoast","hashcat-crack-tgsrep"
"rubeus-kerberoast-aes","hashcat-crack-tgsrep"
"powerview-kerberoast","hashcat-crack-tgsrep"
"setspn-list-user-spns","rubeus-kerberoast"
"setspn-list-user-spns","impacket-getuserspns-kerberoast"
"targeted-kerberoast-set","rubeus-kerberoast"
"targeted-kerberoast-set","impacket-getuserspns-kerberoast"
"targeted-kerberoast-set","targeted-kerberoast-cleanup"
"ad-sam-dump-reg-save","impacket-secretsdump"
"ad-sam-dump-reg-save","hashcat-ntlm-crack"
"ad-sam-dump-reg-save","ad-pass-the-hash-crackmapexec"
"crackmapexec-sam-dump","windows-hashcat-crack-ntlm"
"crackmapexec-sam-dump","ad-pass-the-hash-impacket-psexec"
"ad-dcsync-ntds-credentials","windows-hashcat-crack-ntlm-file"
"ad-dcsync-ntds-credentials","ad-golden-ticket-mimikatz-create"
"download-powerview","import-powerview"
"curl-download-powerview","import-powerview"
"download-sharphound","import-sharphound"
"download-powerup","import-powerup"
"set-executionpolicy-bypass","import-powerview"
"set-executionpolicy-bypass","import-powerup"
"set-executionpolicy-bypass","import-sharphound"
"powershell-ep-bypass-flag","import-powerview"
"powershell-ep-bypass-flag","import-powerup"
"powershell-ep-bypass-flag","import-sharphound"
"ad-dcsync-secretsdump-user","windows-hashcat-crack-ntlm"
"ad-dcsync-secretsdump-user","ad-pass-the-hash-impacket-psexec"
"ad-dcsync-secretsdump-user","ad-golden-ticket-mimikatz-create"
"ad-dcsync-secretsdump-krbtgt","ad-sid-whoami-extract"
"ad-dcsync-secretsdump-krbtgt","ad-golden-ticket-mimikatz-create"
"ad-dcsync-secretsdump-krbtgt","ad-golden-ticket-rubeus-create"
"ad-dcsync-secretsdump-all","windows-hashcat-crack-ntlm-file"
"net-accounts-policy","kerbrute-userenum"
"net-accounts-policy","spray-passwords-ldap"
"net-accounts-policy","crackmapexec-smb-spray"
"net-accounts-policy","kerbrute-passwordspray"
"enum4linux-policy","enum4linux-users-ad"
"enum4linux-policy","kerbrute-userenum"
"enum4linux-policy","crackmapexec-smb-spray"
"crackmapexec-policy","crackmapexec-smb-spray"
"crackmapexec-policy","kerbrute-userenum"
"ldapsearch-policy","ldapsearch-users-ad"
"ldapsearch-policy","kerbrute-userenum"
"ldapsearch-policy","crackmapexec-smb-spray"
"ad-silver-ticket-mimikatz-create","kerberos-klist-verify"
"ad-silver-ticket-mimikatz-create","ad-silver-ticket-validate-access"
"ad-silver-ticket-rubeus-create","kerberos-klist-verify"
"ad-silver-ticket-rubeus-create","ad-silver-ticket-validate-access"
"ad-enumerate-spn-target","ad-silver-ticket-mimikatz-create"
"ad-enumerate-spn-target","ad-silver-ticket-rubeus-create"
"ad-silver-ticket-validate-access","evil-winrm-creds"
"ad-pass-the-hash-crackmapexec","ad-pass-the-hash-impacket-psexec"
"ad-pass-the-hash-crackmapexec","ad-pass-the-hash-impacket-wmiexec"
"ad-pass-the-hash-crackmapexec","ad-lsass-dump-procdump"
"ad-pass-the-hash-impacket-psexec","ad-lsass-dump-procdump"
"ad-pass-the-hash-impacket-psexec","ad-sam-dump-reg-save"
"ad-pass-the-hash-impacket-psexec","windows-search-sensitive-files"
"ad-pass-the-hash-impacket-wmiexec","ad-lsass-dump-procdump"
"ad-pass-the-hash-impacket-wmiexec","ad-sam-dump-reg-save"
"ad-pass-the-hash-impacket-wmiexec","windows-search-sensitive-files"
"mimikatz-kerberos-ptt","mimikatz-kerberos-list"
"mimikatz-kerberos-ptt","windows-smb-access-test"
"mimikatz-kerberos-ptt","windows-psexec-lateral-movement"
"mimikatz-kerberos-list","mimikatz-kerberos-ptt"
"mimikatz-kerberos-list","mimikatz-kerberos-purge"
"mimikatz-kerberos-purge","mimikatz-kerberos-list"
"mimikatz-kerberos-purge","mimikatz-kerberos-ptt"
"sharpgpoabuse-add-local-admin","gpupdate-force"
"sharpgpoabuse-add-local-admin","net-localgroup-administrators"
"icacls-sysvol-check","sharpgpoabuse-add-local-admin"
"gpupdate-force","net-localgroup-administrators"
"xss-test-svg-onload","xss-cookie-stealer"
"xss-test-svg-onload","xss-session-hijack-fetch"
"xss-test-body-onload","xss-cookie-stealer"
"xss-test-body-onload","xss-session-hijack-fetch"
"xss-test-img-onerror","xss-cookie-stealer"
"xss-test-img-onerror","xss-session-hijack-fetch"
"xss-test-img-onerror","xss-keylogger"
"xss-test-script-basic","xss-filter-bypass-case"
"xss-test-script-basic","xss-filter-bypass-encoding"
"xss-test-script-basic","xss-cookie-stealer"
"xss-test-script-context-break","xss-cookie-stealer"
"xss-test-script-context-break","xss-session-hijack-fetch"
"xss-test-event-context-break","xss-cookie-stealer"
"xss-filter-bypass-case","xss-filter-bypass-encoding"
"xss-filter-bypass-case","xss-cookie-stealer"
"xss-filter-bypass-encoding","xss-cookie-stealer"
"sqli-detection-error","sqli-column-enum-orderby"
"sqli-detection-error","sqli-union-select-basic"
"sqli-detection-error","sqlmap-post-exploitation"
"sqli-column-enum-orderby","sqli-union-select-basic"
"sqli-column-enum-orderby","sqli-union-mysql-info"
"sqli-column-enum-orderby","sqli-union-postgresql-info"
"sqli-column-enum-orderby","sqli-union-mssql-info"
"sqli-union-select-basic","sqli-union-mysql-info"
"sqli-union-select-basic","sqli-union-postgresql-info"
"sqli-union-select-basic","sqli-union-mssql-info"
"sqli-union-mysql-info","sqlmap-post-exploitation"
"sqli-union-postgresql-info","sqlmap-post-exploitation"
"sqli-union-mssql-info","sqlmap-post-exploitation"
"wpscan-enumerate-all","wpscan-aggressive-detection"
"wpscan-enumerate-all","wpscan-password-attack"
"wpscan-enumerate-all","wordpress-xmlrpc-enum"
"wpscan-aggressive-detection","wpscan-password-attack"
"wordpress-xmlrpc-enum","wpscan-password-attack"
"wordpress-xmlrpc-enum","searchsploit"
"wordpress-xmlrpc-enum","burp-intruder"
"gobuster-dir","nikto-scan"
"gobuster-dir","lfi-test"
"gobuster-dir","sqlmap-basic"
"gobuster-dir","whatweb-enum"
"gobuster-dir","web-manual-enumeration"
"sqlmap-basic","sqlmap-enumerate-databases"
"sqlmap-basic","sqlmap-enumerate-tables"
"sqlmap-basic","sqlmap-dump-table"
"sqli-manual-test","sqlmap-from-request-level3"
"lfi-test","bash-reverse-shell"
"lfi-test","php-reverse-shell"
"lfi-test","nc-listener-setup"
"whatweb-enum","gobuster-dir"
"whatweb-enum","searchsploit"
"whatweb-enum","searchsploit-service-version"
"web-manual-enumeration","web-version-enumeration"
"web-manual-enumeration","burpsuite-intercept-request"
"web-manual-enumeration","sqli-manual-test"
"web-version-enumeration","web-manual-enumeration"
"web-login-admin-panel","burpsuite-intercept-request"
"web-login-admin-panel","web-access-uploaded-file"
"web-login-admin-panel","create-php-webshell"
"user-registration-test","burpsuite-intercept-request"
"user-registration-test","sqli-manual-test"
"user-registration-test","web-login-admin-panel"
"burpsuite-intercept-request","burpsuite-modify-upload"
"burpsuite-intercept-request","sqli-manual-test"
"burpsuite-intercept-request","user-registration-test"
"burpsuite-modify-upload","web-access-uploaded-file"
"burpsuite-modify-upload","webshell-execute-revshell"
"burpsuite-modify-upload","create-php-webshell"
"create-php-webshell","web-access-uploaded-file"
"create-php-webshell","webshell-execute-revshell"
"create-php-webshell","burpsuite-modify-upload"
"web-access-uploaded-file","webshell-execute-revshell"
"web-access-uploaded-file","pty-spawn-script"
"webshell-execute-revshell","pty-spawn-script"
"webshell-execute-revshell","linux-enumerate-users"
"webshell-execute-revshell","check-sudo-privs"
"sqlmap-from-request","sqlmap-from-request-level3"
"sqlmap-from-request","sqlmap-enumerate-databases"
"sqlmap-from-request-level3","sqlmap-enumerate-databases"
"sqlmap-enumerate-databases","sqlmap-enumerate-tables"
"sqlmap-enumerate-tables","sqlmap-dump-table"
"sqlmap-dump-table","john-crack-bcrypt"
"sqlmap-dump-table","ssh-connect-password"
"ps-reverse-shell-base64","mimikatz-sekurlsa-logonpasswords"
"ps-reverse-shell-base64","systeminfo-windows"
"ps-reverse-shell-base64","whoami-priv"
"ps-reverse-shell-encoder-python","ps-reverse-shell-base64"
"ps-reverse-shell-encoder-python","nc-listener-setup"
"powerview-get-netdomain","powerview-get-netdomaincontroller"
"powerview-get-netdomain","powerview-get-netuser"
"powerview-get-netdomain","powerview-get-netgroup"
"powerview-get-netuser","powerview-get-netuser-filter"
"powerview-get-netuser","powerview-get-netuser-spn"
"powerview-get-netgroup","powerview-get-netgroup-specific"
"powerview-get-netgroup","powerview-get-netgroupmember"
"powerview-get-netgroup-specific","powerview-get-netgroupmember"
"powerview-get-netuser-all","powerview-find-localadminaccess"
"powerview-get-netuser-all","powerview-get-netcomputer"
"powerview-get-netuser-all","impacket-getuserspns-kerberoast"
"ps-get-current-domain","ps-get-pdc"
"ps-get-current-domain","ps-build-ldap-path"
"ps-get-pdc","ps-build-ldap-path"
"ps-get-distinguished-name","ps-build-ldap-path"
"ps-build-ldap-path","ps-directorysearcher-users"
"test-share-access","search-share-files"
"test-share-access","dir-admin-share"
"test-share-access","gpp-password-decrypt"
"search-share-files","gpp-password-decrypt"
"search-share-files","file-transfer-smb"
"search-share-files","cat-file"
"gpp-password-decrypt","crackmapexec-smb-spray"
"gpp-password-decrypt","evil-winrm-creds"
"gpp-password-decrypt","crackmapexec-validate-admin"
"keepass2john-extract","hashcat-keepass-crack"
"keepass2john-extract","john-keepass-crack"
"ssh2john-extract","hashcat-ssh-key-crack"
"ssh2john-extract","john-ssh-key-crack"
"zip2john-extract","john-wordlist-attack"
"hashid","hashcat-benchmark"
"hashid","hash-rate-benchmark"
"hashid","hashcat-crack"
"hashid","john-crack"
"net-user-domain-list","net-user-domain-detail"
"net-user-domain-detail","net-group-domain-members"
"net-group-domain-list","net-group-domain-members"
"net-group-domain-members","net-user-domain-detail"
"net-accounts-domain","create-policy-rules"
"net-accounts-domain","hashcat-test-rules"
"net-group-domain-admins","net-user-domain-detail"
"dsquery-admins","impacket-getuserspns-kerberoast"
"dsquery-admins","powerview-find-localadminaccess"
"powerview-get-objectacl","powerview-convert-sidtoname"
"powerview-get-objectacl-genericall","powerview-convert-sidtoname"
"check-remote-registry-service","enable-remote-registry"
"check-remote-registry-service","ad-sam-dump-reg-save"
"enable-remote-registry","ad-sam-dump-reg-save"
"enable-remote-registry","crackmapexec-sam-dump"
"john-single-crack","john-wordlist-attack"
"john-single-crack","john-show-cracked"
"john-wordlist-attack","john-show-cracked"
"john-wordlist-attack","john-rules-attack"
"john-rules-attack","john-show-cracked"
"john-show-cracked","crackmapexec-validate-admin"
"john-show-cracked","evil-winrm-shell"
"john-show-cracked","ssh-login-password"
"john-ssh-key-crack","john-show-cracked"
"john-ssh-key-crack","ssh-connect-password"
"john-keepass-crack","john-show-cracked"
"john-keepass-crack","ssh-login-password"
"john-keepass-crack","evil-winrm-shell"
"john-incremental-mode","john-show-cracked"
"ad-sid-whoami-extract","ad-silver-ticket-mimikatz-create"
"ad-sid-whoami-extract","ad-golden-ticket-mimikatz-create"
"ad-sid-powerview-domain","ad-silver-ticket-mimikatz-create"
"ad-sid-powerview-domain","ad-golden-ticket-mimikatz-create"
"ad-sid-wmic-extract","ad-silver-ticket-mimikatz-create"
"ad-sid-wmic-extract","ad-golden-ticket-mimikatz-create"
"ps-get-group-members-basic","ps-nested-group-check-member-type"
"ps-nested-group-check-member-type","ps-nested-group-recursive-function"
"ps-nested-group-recursive-function","ps-get-last-nested-user"
"powerview-get-domaingroup-recursive","ps-powerview-get-user-details"
"bloodhound-upload-data","bloodhound-analyze-paths"
"bloodhound-upload-data","bloodhound-cypher-query"
"bloodhound-analyze-paths","impacket-getuserspns-kerberoast"
"bloodhound-analyze-paths","ad-dcsync-secretsdump-all"
"bloodhound-analyze-paths","evil-winrm-shell"
"bloodhound-analyze-paths","mimikatz-sekurlsa-logonpasswords"
"bloodhound-cypher-query","impacket-getuserspns-kerberoast"
"bloodhound-cypher-query","ad-dcsync-secretsdump-all"
"bloodhound-cypher-query","evil-winrm-shell"
"bloodhound-cypher-query","mimikatz-sekurlsa-logonpasswords"
"bloodhound-python-all-collection","bloodhound-upload-data"
"bloodhound-python-all-collection","bloodhound-analyze-paths"
"bloodhound-python-all-collection","impacket-getuserspns-kerberoast"
"bloodhound-python-all-collection","impacket-getnpusers-asreproast"
"bloodhound-python-dconly","bloodhound-upload-data"
"bloodhound-python-dconly","bloodhound-python-all-collection"
"bloodhound-python-pth","bloodhound-upload-data"
"bloodhound-python-pth","evil-winrm-pth"
"bloodhound-python-pth","impacket-psexec-pth"
"bloodhound-python-kerberos","bloodhound-upload-data"
"bloodhound-python-specific-collection","bloodhound-upload-data"
"bloodhound-python-ldaps","bloodhound-upload-data"
"bloodhound-python-computerfile","bloodhound-upload-data"
"bloodhound-python-output-prefix","bloodhound-upload-data"
"ps-ldap-directorysearcher","kerbrute-userenum-ad"
"ps-ldap-directorysearcher","impacket-getnpusers-asreproast"
"calculate-keyspace","attack-mode-decision"
"calculate-keyspace","hashcat-mask-attack"
"attack-mode-decision","hashcat-crack"
"attack-mode-decision","john-crack"
"attack-mode-decision","hydra-ssh"
"hash-rate-benchmark","attack-mode-decision"
"hash-rate-benchmark","hashcat-mask-attack"
"ps-get-current-domain","get-aduser"
"ps-get-current-domain","powerview-get-netuser-all"
"ps-get-current-domain","ldapsearch-ad"
"rule-append-digit","hashcat-test-rules"
"rule-append-digit","john-test-rules"
"rule-prepend-year","hashcat-test-rules"
"rule-prepend-year","john-test-rules"
"rule-capitalize-append","hashcat-test-rules"
"rule-capitalize-append","john-test-rules"
"hashcat-test-rules","hashcat-rule-attack"
"hashcat-test-rules","hashcat-crack"
"john-test-rules","john-rules-attack"
"john-test-rules","john-custom-rules-conf"
"hashcat-best64-rules","hashcat-show-cracked"
"hashcat-rockyou-rules","hashcat-show-cracked"
"create-policy-rules","hashcat-rule-attack"
"create-policy-rules","john-crack"
"hashcat-benchmark","hashcat-md5-crack"
"hashcat-benchmark","hashcat-ntlm-crack"
"hashcat-benchmark","hashcat-sha256-crack"
"hashcat-md5-crack","hashcat-show-cracked"
"hashcat-md5-crack","hashcat-rule-attack"
"hashcat-md5-crack","ssh-login-password"
"hashcat-sha256-crack","hashcat-show-cracked"
"hashcat-sha256-crack","hashcat-rule-attack"
"hashcat-ntlm-crack","hashcat-show-cracked"
"hashcat-ntlm-crack","pth-evil-winrm"
"hashcat-ntlm-crack","crackmapexec-validate-admin"
"hashcat-rule-attack","hashcat-show-cracked"
"hashcat-keepass-crack","hashcat-show-cracked"
"hashcat-keepass-crack","ssh-login-password"
"hashcat-keepass-crack","evil-winrm-shell"
"hashcat-ssh-key-crack","hashcat-show-cracked"
"hashcat-ssh-key-crack","ssh-connect-password"
"hashcat-mask-attack","hashcat-show-cracked"
"hashcat-hybrid-attack","hashcat-show-cracked"
"hashcat-show-cracked","crackmapexec-validate-admin"
"hashcat-show-cracked","evil-winrm-shell"
"hashcat-show-cracked","ssh-login-password"
"hashcat-increment","hashcat-show-cracked"
"hashcat-custom-charset","hashcat-show-cracked"
"hashcat-bcrypt-crack","hashcat-show-cracked"
"hashcat-bcrypt-crack","ssh-login-password"
"hashcat-crack-asrep","crackmapexec-validate-admin"
"hashcat-crack-asrep","hashcat-show-cracked"
"hashcat-sha512crypt-crack","hashcat-show-cracked"
"hashcat-sha512crypt-crack","ssh-login-password"
"hashcat-crack-tgsrep","crackmapexec-validate-admin"
"hashcat-crack-tgsrep","hashcat-show-cracked"
"hydra-ssh-single-user","ssh-login-password"
"hydra-ssh-single-user","ssh-connect-password"
"hydra-ssh-user-list","ssh-login-password"
"hydra-ssh-user-list","ssh-connect-password"
"hydra-rdp-spray","xfreerdp-connect"
"hydra-smb-attack","smbclient-list-shares"
"hydra-smb-attack","psexec-shell"
"hydra-smb-attack","evil-winrm-shell"
"hydra-custom-port","ssh-login-password"
"hydra-combo-attack","ssh-login-password"
"hydra-combo-attack","evil-winrm-shell"
"post-vss-ntds-exfil-combo","ad-secretsdump-parse-ntds"
"wget-download","linux-privesc-linpeas"
"wget-download","linux-suid-find"
"certutil-download","win-privesc-winpeas"
"certutil-download","win-systeminfo"
"powershell-download","win-privesc-winpeas"
"powershell-download","win-privesc-powerup"
"smb-server","certutil-download"
"smb-server","powershell-download"
"nc-file-transfer","linux-privesc-linpeas"
"php-download","linux-privesc-linpeas"
"cat-etc-group","check-docker-socket"
"cat-etc-group","docker-mount-escape"
"stat-var-run","check-docker-socket"
"stat-var-run","docker-run-v"
"docker-run-pid","verify-docker-root"
"cat-mnt-etc","linux-enum-users-shells"
"cat-mnt-etc","verify-docker-root"
"docker-run-pid-2","verify-docker-root"
"cat-etc-sudoers","analyze-sudoers"
"cat-etc-sudoers","gtfobins-sudo-lookup"
"cat-etc-shadow","hashcat-crack"
"cat-etc-shadow","john-single-crack"
"cat-etc-shadow-2","hashcat-crack"
"cat-etc-shadow-2","john-single-crack"
"grep-r-etc","cat-file"
"grep-r-etc","grep-r-private"
"echo-newroot-salt","edit-etc-shadow"
"docker-run-v","cat-mnt-etc"
"docker-run-v","verify-docker-root"
"find-name-authorized","ssh-key-authentication"
"find-name-authorized","linux-ssh-keys"
"grep-r-private","cat-file"
"grep-r-private","extract-ssh-key"
"grep-r-private","ssh2john-extract"
"cat-etc-sudoers-2","analyze-sudoers"
"cat-etc-sudoers-2","gtfobins-sudo-lookup"
"wget-o-https","chmod-executable"
"ls-la-bin","gtfobins-lookup"
"ls-la-bin","searchsploit-linux-capability"
"getcap-bin-systemctl","systemctl-service-permissions"
"getcap-bin-systemctl","gtfobins-cap-lookup"
"test-shadow-file","cat-etc-shadow"
"test-shadow-file","john-crack"
"test-shadow-file","hashcat-crack"
"test-sudo-without","sudo-exploit-find"
"test-sudo-without","gtfobins-sudo-lookup"
"edit-etc-shadow","verify-root-access-sudo"
"use-cp-command","edit-etc-shadow"
"bash-dev-tcp-download","linpeas-run"
"bash-dev-tcp-download","linux-enum-users-shells"
"bash-dev-tcp-download","check-sudo-privs"
"base64-file-transfer","base64-decode-file"
"searchsploit-linux-capability","gtfobins-cap-lookup"
"searchsploit-linux-capability","systemctl-service-permissions"
"capability-binary-verification","searchsploit-linux-capability"
"capability-binary-verification","gtfobins-capability-lookup"
"linux-cred-discover-config","linux-enum-users-shells"
"linux-cred-discover-config","ssh-login-password"
"linux-cred-discover-config","mysql-connect-basic"
"linux-cred-discover-config","postgres-connect-basic"
"linux-enum-users-shells","ssh-login-password"
"linux-enum-users-shells","hydra-ssh"
"windows-hashcat-crack-ntlm","windows-rdp-xfreerdp"
"windows-hashcat-crack-ntlm","ad-pass-the-hash-impacket-psexec"
"windows-hashcat-crack-ntlm-file","windows-rdp-xfreerdp"
"windows-hashcat-crack-ntlm-file","ad-pass-the-hash-crackmapexec"
"windows-rdp-xfreerdp","windows-search-sensitive-files"
"windows-rdp-xfreerdp","ad-lsass-dump-procdump"
"windows-rdp-xfreerdp","windows-screenshot-capture"
"linux-privesc-linpeas","linux-suid-find"
"linux-privesc-linpeas","linux-sudo-list"
"linux-privesc-linpeas","linux-cron-enum"
"linux-privesc-linpeas","linux-capabilities"
"linux-privesc-linpeas","linux-kernel-exploit"
"linux-privesc-linenum","sudo-exploit-find"
"linux-privesc-linenum","linux-kernel-exploit"
"linux-privesc-linenum","linux-cron-enum"
"linux-suid-find","gtfobins-lookup"
"linux-sudo-list","gtfobins-sudo-lookup"
"linux-cron-enum","linux-wildcard-injection"
"linux-cron-enum","linux-path-hijack"
"linux-capabilities","gtfobins-lookup"
"linux-kernel-exploit","searchsploit"
"linux-writable-services","linux-systemctl-privesc"
"linux-ssh-keys","ssh-key-authentication"
"linux-sudo-check","gtfobins-sudo-lookup"
"linux-sudo-check","linux-ld-preload"
"linux-cron-jobs","linux-wildcard-injection"
"linux-cron-jobs","linux-path-hijack"
"linux-kernel-version","searchsploit"
"linux-kernel-version","linux-privesc-linpeas"
"linux-linpeas","linux-suid-find"
"linux-linpeas","linux-sudo-check"
"linux-linpeas","linux-cron-jobs"
"linux-pspy","linux-cron-enum"
"linux-mysql-root","linux-mysql-udf"
"linux-unix-privesc-check-nc","linux-suid-find"
"linux-unix-privesc-check-nc","linux-sudo-check"
"linux-unix-privesc-check-nc","linux-cron-enum"
"linux-find-writable-etc-focused","linux-test-file-writable"
"linux-linpeas-http","linux-suid-find"
"linux-linpeas-http","linux-sudo-check"
"linux-linpeas-http","linux-cron-enum"
"linux-linpeas-nc","linux-suid-find"
"linux-linpeas-nc","linux-sudo-check"
"linux-linpeas-nc","linux-cron-enum"
"linux-linpeas-save-output","linux-parse-linpeas-writable"
"linux-check-shadow-readable","john-crack"
"linux-check-shadow-readable","hashcat-crack"
"linux-parse-linpeas-writable","linux-find-world-writable"
"file-transfer-python-http","file-transfer-wget"
"file-transfer-python-http","file-transfer-curl"
"file-transfer-python-http","file-transfer-powershell-download"
"file-transfer-python-http","file-transfer-certutil"
"file-transfer-wget","linpeas-run"
"file-transfer-wget","linux-enum-users-shells"
"file-transfer-wget","check-sudo-privs"
"file-transfer-curl","linux-privesc-linenum"
"file-transfer-curl","linux-privesc-linpeas"
"file-transfer-powershell-download","win-privesc-powerup"
"file-transfer-powershell-download","winpeas-run"
"file-transfer-smb","win-privesc-powerup"
"file-transfer-smb","winpeas-run"
"file-transfer-nc-push","linpeas-run"
"file-transfer-nc-push","check-sudo-privs"
"win-whoami-basic","win-whoami-groups"
"win-whoami-basic","win-whoami-priv"
"win-whoami-groups","ps-get-localgroup"
"win-whoami-groups","ps-get-localgroupmember"
"win-whoami-priv","win-privesc-winpeas"
"win-whoami-priv","win-potato-exploits"
"ps-get-localuser","ps-get-localgroup"
"ps-get-localuser","ps-get-localgroupmember"
"ps-get-localgroup","ps-get-localgroupmember"
"ps-get-localgroupmember","win-net-user-detail"
"win-net-user-local","win-net-user-detail"
"win-net-user-local","win-net-localgroup"
"win-net-user-detail","ps-get-localgroupmember"
"win-net-localgroup","win-net-localgroup-members"
"win-net-localgroup-members","win-net-user-detail"
"win-systeminfo-basic","win-kernel-exploits"
"win-systeminfo-basic","win-privesc-winpeas"
"win-ipconfig-all","win-route-print"
"win-ipconfig-all","win-netstat-ano"
"win-route-print","win-netstat-ano"
"win-netstat-ano","ps-get-process"
"ps-get-installed-apps","ps-get-process"
"ps-get-process","win-netstat-ano"
"ps-get-history","ps-get-psreadline-path"
"ps-get-psreadline-path","ps-read-psreadline"
"ps-read-psreadline","ps-search-transcripts"
"win-privesc-winpeas","win-unquoted-service-paths"
"win-privesc-winpeas","win-always-install-elevated"
"win-privesc-winpeas","win-potato-exploits"
"win-privesc-powerup","windows-unquoted-service"
"win-privesc-powerup","windows-alwaysinstallelevated"
"win-privesc-powerup","windows-autologon"
"win-systeminfo","win-kernel-exploits"
"win-systeminfo","win-potato-exploits"
"win-sam-system-backup","impacket-secretsdump"
"win-sam-system-backup","hashcat-ntlm-crack"
"win-group-membership","impacket-getuserspns-kerberoast"
"win-group-membership","powerview-find-localadminaccess"
"windows-unquoted-service","win-weak-service-perms"
"windows-unquoted-service","win-sc-query-config"
"windows-alwaysinstallelevated","msfvenom-windows-meterpreter-tcp"
"windows-scheduled-tasks","win-schtasks-task-xml"
"windows-scheduled-tasks","powershell-runas-basic"
"windows-potato-attacks","mimikatz-sekurlsa-logonpasswords"
"windows-potato-attacks","ad-sam-dump-reg-save"
"windows-potato-attacks","powershell-runas-basic"
"windows-sam-system-backup","impacket-secretsdump"
"windows-sam-system-backup","mimikatz-sekurlsa-logonpasswords"
"windows-sam-system-backup","hashcat-ntlm-crack"
"windows-stored-credentials","powershell-runas-basic"
"windows-stored-credentials","crackmapexec-validate-admin"
"windows-autologon","crackmapexec-smb-spray"
"windows-autologon","evil-winrm-creds"
"windows-pass-the-hash","evil-winrm-hash"
"windows-pass-the-hash","crackmapexec-validate-admin"
"get-aduser","get-adgroup"
"get-aduser","get-adgroupmember"
"get-adgroup","get-adgroupmember"
"get-adgroupmember","get-aduser"
"get-adcomputer","ad-pass-the-hash-impacket-psexec"
"get-adcomputer","ad-pass-the-hash-crackmapexec"
"get-adcomputer","windows-net-use-smb-connect"
"get-ciminstance","get-service"
"get-ciminstance","get-process"
"get-ciminstance","get-hotfix"
"get-computerinfo","get-hotfix"
"get-itemproperty","windows-autologon"
"get-itemproperty","windows-alwaysinstallelevated"
"get-itemproperty","get-acl"
"get-acl","powerview-get-objectacl-genericall"
"get-acl","powerview-get-objectacl-writeowner"
"get-scheduledtask","windows-scheduled-tasks"
"get-gpppassword","windows-hashcat-crack-ntlm"
"get-gpppassword","ad-pass-the-hash-impacket-psexec"
"get-unquotedservice","get-acl"
"get-modifiableservicefile","get-acl"
"import-module-activedirectory","get-aduser"
"import-module-activedirectory","get-adgroup"
"import-module-activedirectory","get-adcomputer"
"import-powerup","get-unquotedservice"
"import-powerup","get-modifiableservicefile"
"get-service","windows-unquoted-service"
"john-crack-bcrypt","ssh-connect-password"
"john-crack-bcrypt","su-user-switch"
"john-crack-bcrypt","web-login-admin-panel"
"file-identify-type","chmod-executable"
"file-identify-type","file-rename-extension"
"su-user-switch","check-sudo-privs"
"su-user-switch","linux-enumerate-users"
"su-user-switch","capture-user-flag"
"linux-flag-finder","verify-root-access-suid"
"linux-passwd-privesc","linux-flag-finder"
"linux-passwd-privesc","verify-root-access-suid"
"linux-quick-privesc-enum","linux-gtfobins-suid-filter"
"linux-quick-privesc-enum","gtfobins-suid-lookup"
"linux-full-privesc-check","linux-passwd-privesc"
"linux-full-privesc-check","linux-gtfobins-suid-filter"
"linux-gtfobins-suid-filter","gtfobins-suid-lookup"
"linux-gtfobins-suid-filter","execute-suid-exploit-find"
"linux-suid-auto-research","gtfobins-suid-lookup"
"linux-suid-vuln-check","execute-suid-exploit-find"
"linux-cron-hijack-suid","linux-flag-finder"
"linux-cron-hijack-revshell","linux-flag-finder"
"linux-suid-find-shell","linux-flag-finder"
"windows-search-sensitive-files","windows-hashcat-crack-ntlm"
"windows-search-sensitive-files","ad-lsass-dump-procdump"
"windows-search-sensitive-files","ad-sam-dump-reg-save"
"kerberos-klist-purge","ad-golden-ticket-mimikatz-create"
"kerberos-klist-purge","ad-golden-ticket-rubeus-create"
"kerberos-klist-purge","ad-silver-ticket-mimikatz-create"
"windows-psexec-system-shell","ad-lsass-dump-procdump"
"windows-psexec-system-shell","ad-sam-dump-reg-save"
"windows-psexec-system-shell","comsvcs-lsass-dump"
"powerview-enumerate-spns","impacket-getuserspns-kerberoast"
"powerview-enumerate-spns","rubeus-kerberoast"
"ad-dcsync-check-privileges","ad-dcsync-secretsdump-user"
"ad-dcsync-check-privileges","ad-dcsync-secretsdump-all"
"ad-dcsync-check-privileges","ad-dcsync-mimikatz-user"
"ps-search-desktop-flags","cat-file"
"ps-search-desktop-flags","wget-download"
"windows-flag-finder-cmd","type-file"
"windows-flag-finder-ps","cat-file"
"windows-flag-finder-ps","ps-search-desktop-flags"
"windows-flag-finder-ps-simple","cat-file"
"ps-enum-installed-apps","searchsploit-local"
"ps-enum-processes","ps-enum-installed-apps"
"ps-enum-processes","searchsploit-local"
"ps-enum-processes-wmi","ps-search-credentials"
"ps-enum-processes-nonstandard","ps-enum-installed-apps"
"ps-enum-processes-nonstandard","searchsploit-local"
"ps-search-keepass-db","keepass2john"
"ps-search-keepass-db","hashcat-keepass"
"ps-search-app-config","type-file"
"ps-search-app-config","ps-search-credentials"
"ps-search-user-documents","type-file"
"ps-search-user-documents","ps-search-credentials"
"ps-search-password-files","type-file"
"ps-search-config-files","type-file"
"ps-search-config-files","ps-search-credentials"
"win-service-binary-enum-running","win-icacls-binary-check"
"win-service-binary-enum-running","win-service-startmode-check"
"win-service-binary-enum-running","win-sc-query-config"
"win-icacls-binary-check","win-cross-compile-adduser"
"win-icacls-binary-check","win-msfvenom-service-exe"
"win-icacls-binary-check","win-service-binary-replace"
"win-service-startmode-check","win-whoami-shutdown-priv"
"win-service-startmode-check","win-net-stop-service"
"win-service-startmode-check","win-shutdown-reboot"
"win-whoami-shutdown-priv","win-shutdown-reboot"
"win-whoami-shutdown-priv","win-service-binary-replace"
"win-net-stop-service","win-net-start-service"
"win-net-stop-service","win-shutdown-reboot"
"win-net-start-service","win-localgroup-admins-check"
"win-net-start-service","win-verify-new-user"
"win-shutdown-reboot","win-localgroup-admins-check"
"win-service-binary-replace","win-net-stop-service"
"win-service-binary-replace","win-shutdown-reboot"
"win-cross-compile-adduser","win-transfer-payload"
"win-cross-compile-adduser","win-service-binary-replace"
"win-msfvenom-service-exe","win-transfer-payload"
"win-msfvenom-service-exe","win-service-binary-replace"
"win-msfvenom-service-exe","nc-listener-start"
"win-localgroup-admins-check","win-runas-new-admin"
"win-localgroup-admins-check","win-ps-credential-new-admin"
"win-powerup-modifiable-service","win-powerup-install-service-binary"
"win-powerup-modifiable-service","win-icacls-binary-check"
"win-powerup-install-service-binary","win-shutdown-reboot"
"win-powerup-install-service-binary","win-localgroup-admins-check"
"win-transfer-iwr","win-service-binary-replace"
"check-sudo-privs","analyze-sudoers"
"check-sudo-privs","gtfobins-sudo-lookup"
"analyze-sudoers","gtfobins-sudo-lookup"
"gtfobins-sudo-lookup","execute-sudo-exploit"
"execute-sudo-exploit","verify-root-access-sudo"
"sudo-exploit-find","verify-root-access-sudo"
"sudo-exploit-vim","verify-root-access-sudo"
"sudo-exploit-python","verify-root-access-sudo"
"sudo-exploit-less","verify-root-access-sudo"
"sudo-exploit-nmap","verify-root-access-sudo"
"ps-type-file","win-net-user-detail"
"ps-type-file","win-runas-cmd"
"ps-search-app-config","ps-type-file"
"ps-search-app-config","win-net-user-detail"
"ps-search-deployment-files","ps-type-file"
"ps-search-deployment-files","win-net-user-detail"
"ps-search-deployment-files","win-runas-cmd"
"ps-search-webconfig","ps-type-file"
"ps-search-webconfig","win-net-user-detail"
"ps-search-password-patterns","ps-type-file"
"ps-search-password-patterns","win-net-user-detail"
"ps-registry-autologon","win-net-user-detail"
"ps-registry-autologon","win-runas-cmd"
"ps-cmdkey-list","win-net-user-detail"
"check-docker-group","check-docker-socket"
"check-docker-group","list-docker-images"
"check-docker-socket","list-docker-images"
"check-docker-socket","docker-mount-escape"
"list-docker-images","docker-mount-escape"
"docker-mount-escape","verify-docker-root"
"docker-pull-alpine","docker-mount-escape"
"find-suid-binaries","filter-suid-binaries"
"find-suid-binaries","gtfobins-suid-lookup"
"filter-suid-binaries","gtfobins-suid-lookup"
"execute-suid-exploit-find","verify-root-access-suid"
"procdump-lsass-dump","pypykatz-parse-lsass"
"procdump-lsass-dump","evil-winrm-download-file"
"pypykatz-parse-lsass","hashcat-crack-ntlm"
"pypykatz-parse-lsass","pth-cme-exec"
"comsvcs-lsass-dump","pypykatz-parse-lsass"
"comsvcs-lsass-dump","evil-winrm-download-file"
"ssh-login-password","linux-sudo-list"
"ssh-login-password","linux-suid-find"
"ssh-login-password","linux-capabilities"
"ssh-login-password","linux-linpeas"
"postgres-direct-connect","postgres-privilege-check"
"postgres-direct-connect","postgres-file-enum"
"postgres-direct-connect","postgres-file-read"
"postgres-privilege-check","postgres-file-enum"
"postgres-privilege-check","postgres-file-read"
"postgres-file-enum","postgres-file-read"
"nc-listener-setup","bash-reverse-shell"
"nc-listener-setup","python-shell-upgrade"
"nc-listener-setup","stty-shell-stabilization"
"bash-reverse-shell","python-shell-upgrade"
"bash-reverse-shell","stty-shell-stabilization"
"python-shell-upgrade","stty-shell-stabilization"
"msfvenom-windows-reverse-tcp","nc-listener-setup"
"msfvenom-windows-reverse-tcp","python-http-server"
"msfvenom-linux-reverse-tcp","nc-listener-setup"
"msfvenom-php-webshell","nc-listener-setup"
"msfvenom-aspx-webshell","nc-listener-setup"
"netcat-reverse-shell-mkfifo","python-shell-upgrade"
"netcat-reverse-shell-mkfifo","stty-shell-stabilization"
"python-reverse-shell","python-shell-upgrade"
"python-reverse-shell","stty-shell-stabilization"
"perl-reverse-shell","python-shell-upgrade"
"perl-reverse-shell","stty-shell-stabilization"
"php-reverse-shell","python-shell-upgrade"
"php-reverse-shell","stty-shell-stabilization"
"pty-spawn-script","linux-enumerate-users"
"pty-spawn-script","linux-enumerate-home-directory"
"pty-spawn-script","check-sudo-privs"
"revshells-payload-generate","nc-listener"
"revshells-payload-generate","pty-spawn-script"
"linux-enumerate-users","linux-enumerate-home-directory"
"linux-enumerate-users","check-sudo-privs"
"linux-enumerate-users","su-user-switch"
"linux-enumerate-home-directory","extract-ssh-key"
"linux-enumerate-home-directory","check-sudo-privs"
"linux-enumerate-home-directory","linux-check-directory-permissions"
"linux-check-directory-permissions","chmod-numeric-permissions"
"linux-check-directory-permissions","mkdir-directory"
"linux-check-directory-permissions","touch-file"
"impacket-psexec","ad-lsass-dump-procdump"
"impacket-psexec","ad-sam-dump-reg-save"
"impacket-psexec","windows-search-sensitive-files"
"impacket-smbexec","ad-lsass-dump-procdump"
"impacket-smbexec","ad-sam-dump-reg-save"
"impacket-smbexec","windows-search-sensitive-files"
"impacket-wmiexec","ad-lsass-dump-procdump"
"impacket-wmiexec","ad-sam-dump-reg-save"
"impacket-wmiexec","windows-search-sensitive-files"
"impacket-secretsdump","windows-hashcat-crack-ntlm"
"impacket-secretsdump","ad-pass-the-hash-impacket-psexec"
"impacket-secretsdump","ad-golden-ticket-mimikatz-create"
"msf-db-init","msf-console-start"
"msf-db-init","msf-db-status"
"msf-db-status","msf-workspace-create"
"msf-db-status","msf-db-import"
"msf-console-start","msf-db-status"
"msf-console-start","msf-workspace-create"
"msf-console-start","msf-search-exploit"
"msf-console-resource","msf-session-interact"
"msf-workspace-list","msf-workspace-create"
"msf-workspace-list","msf-workspace-switch"
"msf-workspace-create","msf-db-import"
"msf-workspace-create","msf-db-nmap"
"msf-workspace-switch","msf-db-hosts"
"msf-workspace-switch","msf-db-services"
"msf-search-exploit","msf-use-module"
"msf-search-exploit","msf-info-module"
"msf-use-module","msf-show-options"
"msf-use-module","msf-info-module"
"msf-use-module","msf-show-payloads"
"msf-info-module","msf-use-module"
"msf-show-options","msf-set-option"
"msf-set-option","msf-exploit-run"
"msf-set-option","msf-show-options"
"msf-setg-option","msf-use-module"
"msf-back","msf-search-exploit"
"msf-back","msf-use-module"
"msf-db-import","msf-db-hosts"
"msf-db-import","msf-db-services"
"msf-db-nmap","msf-db-hosts"
"msf-db-nmap","msf-db-services"
"msf-db-nmap","msf-db-vulns"
"msf-db-hosts","msf-db-services"
"msf-db-services","msf-search-exploit"
"msf-db-services","msf-use-module"
"msf-db-vulns","msf-search-exploit"
"msf-db-creds","evil-winrm-hash"
"evil-winrm-upload-file","mimikatz-sekurlsa-logonpasswords"
"evil-winrm-upload-file","sharphound-collect"
"evil-winrm-download-file","bloodhound-upload-data"
"evil-winrm-download-file","hashcat-crack"
"evil-winrm-download-file","capture-root-flag"
"msf-show-payloads","msf-set-payload"
"msf-set-payload","msf-set-lhost"
"msf-set-payload","msf-exploit-run"
"msf-set-lhost","msf-set-lport"
"msf-set-lhost","msf-exploit-run"
"msf-set-lport","msf-exploit-run"
"msf-show-targets","msf-set-target"
"msf-set-target","msf-exploit-run"
"msf-exploit-check","msf-exploit-run"
"msf-exploit-run","msf-session-interact"
"msf-exploit-run","msf-session-background"
"msf-sessions-list","msf-session-interact"
"msf-session-interact","meterpreter-sysinfo"
"msf-session-background","msf-session-interact"
"msf-session-background","msf-use-module"
"postgres-connect-basic","postgres-privilege-check"
"postgres-connect-basic","postgres-file-read"
"nc-reverse-shell","python-shell-upgrade"
"nc-reverse-shell","linpeas-run"
"nc-reverse-shell","winpeas-run"
"powershell-reverse-shell","winpeas-run"
"powershell-reverse-shell","powerup-run"
"powershell-reverse-shell","privesccheck-run"
"searchsploit","searchsploit-copy-exploit"
"searchsploit","nc-listener"
"searchsploit","python-shell-upgrade"
"web-shell-php","nc-reverse-shell"
"web-shell-php","python-shell-upgrade"
"web-shell-php","linpeas-run"
"web-shell-php","winpeas-run"
"msf-handler-setup","msf-session-interact"
"msf-handler-background","msf-jobs-list"
"msf-handler-autorunscript","msf-session-interact"
"msf-session-upgrade-shell","meterpreter-sysinfo"
"msf-session-upgrade-shell","meterpreter-migrate"
"curl-web-server-verify","gobuster-dir-common"
"curl-web-server-verify","nikto-scan"
"curl-web-server-verify","whatweb-enum"
"rubeus-ptt","evil-winrm-shell"
"rubeus-ptt","psexec-impacket-shell"
"rubeus-ptt","bloodhound-upload-data"
"msf-show-auxiliary","msf-search-auxiliary"
"msf-search-auxiliary","msf-use-module"
"msf-search-auxiliary","msf-info-module"
"msf-aux-smb-version","msf-db-vulns"
"msf-aux-smb-version","msf-aux-smb-enumshares"
"msf-aux-smb-enumshares","smbclient-connect"
"msf-aux-smb-enumshares","smbmap-enumerate-auth"
"msf-aux-ssh-login","msf-session-interact"
"msf-aux-ssh-login","msf-db-creds"
"msf-aux-ftp-version","msf-search-exploit"
"msf-aux-portscan-tcp","msf-db-services"
"msf-aux-http-dir-scanner","gobuster-dir"
"msf-aux-http-dir-scanner","nikto-scan"
"meterpreter-background","msf-session-interact"
"meterpreter-sysinfo","meterpreter-getuid"
"meterpreter-sysinfo","meterpreter-ps"
"meterpreter-getuid","meterpreter-getsystem"
"meterpreter-getuid","meterpreter-getprivs"
"meterpreter-getprivs","meterpreter-getsystem"
"meterpreter-getsystem","meterpreter-hashdump"
"meterpreter-getsystem","meterpreter-load-kiwi"
"meterpreter-ps","meterpreter-migrate"
"meterpreter-migrate","meterpreter-getuid"
"meterpreter-execute","meterpreter-ps"
"meterpreter-execute","meterpreter-migrate"
"meterpreter-pwd","meterpreter-ls"
"meterpreter-pwd","meterpreter-cd"
"meterpreter-ls","meterpreter-download"
"meterpreter-ls","meterpreter-cat"
"meterpreter-cd","meterpreter-ls"
"meterpreter-cd","meterpreter-pwd"
"meterpreter-upload","meterpreter-execute"
"meterpreter-search","meterpreter-download"
"meterpreter-search","meterpreter-cat"
"meterpreter-hashdump","hashcat-crack"
"meterpreter-hashdump","msf-db-creds"
"meterpreter-kiwi-creds-all","msf-db-creds"
"meterpreter-route-add","msf-aux-portscan-tcp"
"msfvenom-list-payloads","msfvenom-windows-reverse"
"msfvenom-list-payloads","msfvenom-linux-reverse"
"msfvenom-windows-reverse","msf-handler-setup"
"msfvenom-windows-reverse","nc-listener"
"msfvenom-linux-reverse","nc-listener"
"msfvenom-linux-reverse","chmod-executable"
"msfvenom-aspx-reverse","msf-handler-setup"
"msfvenom-jsp-reverse","nc-listener"
"msfvenom-war-reverse","nc-listener"
"msfvenom-python-reverse","nc-listener"
"msfvenom-powershell-reverse","msf-handler-setup"
"msfvenom-bash-reverse","nc-listener"
